1520664844119,-0.91937345,0.11492168,-5.391742
1520664844127,-1.733402,-2.2697031,-4.7405195
1520664844137,-2.72939,-3.7062242,-3.6966474
1520664844147,-4.357447,-1.8195933,-3.2944214
1520664844157,-5.363012,0.9864111,-2.719813
1520664844167,-4.8267107,2.5570073,-1.7238252
1520664844177,-0.6799533,4.7884035,-2.9975405
1520664844188,4.5872903,7.967903,-3.2944214
1520664844198,8.772355,12.6222315,0.91937345
1520664844208,12.363658,18.942924,7.2304893
1520664844217,16.845604,25.560497,7.9008656
1520664844227,22.017078,32.953793,5.257667
1520664844237,25.081657,39.70544,4.003105
1520664844247,22.926876,41.180267,1.6472107
1520664844257,15.974113,37.01436,5.506664
1520664844267,14.920665,34.591427,10.477027
1520664844277,19.239805,31.622616,12.038046
1520664844287,21.528662,22.045809,10.812215
1520664844299,19.431341,12.919112,5.899313
1520664844307,16.673222,7.1730285,0.63206923
1520664844317,16.424223,2.030283,-2.585738
1520664844327,16.82645,-1.8387469,-3.6870706
1520664844337,15.02601,-3.4284968,-3.2273839
1520664844347,12.11466,-3.514688,-2.4229321
1520664844357,8.494628,-2.078167,-3.5338416
1520664844367,5.4300494,-0.89064306,-4.711789
1520664844377,3.1890767,-0.80445176,-6.167464
1520664844387,1.4173675,-1.8674773,-8.169016
1520664844397,-0.51714754,-3.0550013,-10.295067
1520664844407,-2.8634653,-3.1890767,-11.319786
1520664844417,-5.267244,-2.3942018,-11.789049
1520664844427,-7.2592196,-1.8387469,-12.181698
1520664844437,-8.599973,-1.5131354,-12.50731
1520664844447,-8.714894,-1.2545617,-11.425131
1520664844457,-9.490616,-1.1109096,-7.8625584
1520664844467,-10.601525,-1.9057846,-4.3382936
1520664844477,-10.658986,-3.0454245,-1.7429788
1520664844487,-10.0748005,-2.4708161,-1.1204864
1520664844497,-8.858546,-1.7238252,-0.8619126
1520664844507,-5.650316,1.0821792,-5.6982
1520664844517,3.265691,10.371682,-17.918205
1520664844527,3.8498764,11.760319,17.99482
1520664844537,8.274361,19.498379,69.84365
1520664844547,4.654328,13.67568,29.056032
1520664844557,2.777274,9.605537,11.386824
1520664844567,0.6703765,5.6790466,3.9935284
1520664844577,-0.48841715,-1.0342951,-9.289502
1520664844587,-0.93852705,-1.7812861,-16.912642
1520664844597,-2.681506,5.21936,-15.380352
1520664844607,-5.046977,10.840945,-13.129802
1520664844617,-5.353435,13.024457,-9.528923
1520664844627,-3.7253778,14.642938,-2.9592333
1520664844637,-2.3463178,14.164097,-0.08619126
1520664844647,-0.11492168,12.354081,-2.27928
1520664844657,2.2218192,11.923124,-7.2113357
1520664844667,5.93762,14.192827,-13.982138
1520664844677,10.840945,19.354727,-21.662737
1520664844687,11.664551,27.073633,-23.9899
1520664844697,9.030929,34.562695,-18.751389
1520664844707,8.331821,38.68072,-13.579912
1520664844717,12.028469,39.178715,-10.582372
1520664844727,19.029116,34.9745,0.37349546
1520664844737,33.097443,21.049822,62.076862
1520664844747,23.415293,10.381259,40.25132
1520664844757,11.894394,9.835381,-10.496181
1520664844767,12.631808,13.905523,-12.727576
1520664844777,8.858546,13.828909,11.932701
1520664844787,7.5561004,10.888829,15.753847
1520664844801,8.389283,6.253655,9.816227
1520664844807,6.435614,1.6472107,8.073248
1520664844817,4.1371803,-3.1028855,9.069236
1520664844827,3.371036,-5.401319,5.046977
1520664844837,3.9360676,-5.439626,-0.7182605
1520664844847,7.603985,-5.7269306,3.821146
1520664844857,12.823344,-4.0222588,15.456966
1520664844867,11.281479,-1.2258313,14.585477
1520664844877,5.209783,1.4269443,0.06703765
1520664844887,2.030283,2.1643584,-6.531382
1520664844897,1.1587936,0.79487497,-6.483498
1520664844907,1.0247183,-1.7525556,-4.7979803
1520664844917,1.6759412,-5.1810527,-1.1683705
1520664844927,1.934515,-8.264784,2.2122424
1520664844937,0.37349546,-7.326257,1.982399
1520664844947,-1.9728222,-2.72939,-0.18195933
1520664844957,-3.2944214,-0.019153614,-1.6472107
1520664844967,-3.9456444,1.4077905,-1.8291701
1520664844977,-4.10845,3.916914,-1.9057846
1520664844987,-1.1204864,6.6175733,-1.541866
1520664844997,3.1986535,8.504205,0.095768064
1520664845007,7.2304893,10.342952,0.8331822
1520664845017,10.840945,14.834474,2.7485435
1520664845028,15.313314,22.151154,5.2385135
1520664845037,20.532673,31.182083,5.535394
1520664845047,21.461624,42.34864,6.7324953
1520664845058,22.505495,49.75151,4.6255975
1520664845067,21.62443,45.920788,3.9552212
1520664845077,18.799273,39.360676,9.548077
1520664845087,17.017986,33.28898,9.519346
1520664845097,18.665197,22.783224,7.843405
1520664845107,18.157625,14.365211,5.1906295
1520664845117,14.968549,8.944737,0.82360536
1520664845127,12.660539,5.2863975,-2.5953147
1520664845137,12.670115,1.5610195,-4.0414124
1520664845147,11.980585,-1.0151415,-3.2561142
1520664845157,10.28549,-2.3080103,-2.4420857
1520664845167,7.249643,-2.2505496,-3.1794999
1520664845177,4.050989,-0.9864111,-4.596867
1520664845187,1.733402,-0.50757074,-6.2823853
1520664845197,0.1436521,-1.388637,-8.00621
1520664845207,-1.2258313,-2.585738,-9.624691
1520664845217,-3.1507695,-3.074155,-10.754754
1520664845227,-5.171476,-3.2752678,-12.038046
1520664845237,-6.9527617,-3.2752678,-13.790602
1520664845247,-8.293514,-3.1794999,-13.091495
1520664845257,-9.902418,-3.6487634,-9.988609
1520664845267,-12.382812,-3.5051112,-7.1634517
1520664845277,-13.043611,-4.098873,-4.606444
1520664845287,-11.252748,-4.817134,-2.930503
1520664845298,-10.67814,-3.7732618,-1.6184803
1520664845307,-8.532935,-1.8291701,-2.4133554
1520664845317,-0.37349546,7.240066,-17.72667
1520664845327,1.4748282,12.842498,-1.8100165
1520664845337,1.13964,24.526203,70.58106
1520664845347,-0.93852705,18.186356,43.239285
1520664845357,-0.9864111,10.199299,14.872781
1520664845367,-1.043872,5.602432,5.257667
1520664845377,-1.7812861,-0.33518824,-6.8091097
1520664845387,-0.6799533,-1.091756,-17.343597
1520664845397,0.019153614,4.146757,-20.168755
1520664845408,-2.7389667,8.571242,-15.9262295
1520664845417,-4.7979803,11.559206,-10.850522
1520664845427,-4.3478703,12.995727,-5.1140146
1520664845437,-2.6240451,11.856087,-2.9879637
1520664845447,-1.4269443,11.128249,-6.933608
1520664845457,0.46926352,12.488156,-14.192827
1520664845467,3.8977604,17.104177,-21.576546
1520664845477,7.431602,25.005043,-26.508602
1520664845487,8.379706,33.097443,-25.062504
1520664845497,6.38773,39.1021,-16.711529
1520664845507,5.8705826,41.54419,-10.04607
1520664845517,8.2169,41.879375,-4.1946416
1520664845527,24.71774,32.54199,51.05396
1520664845537,25.503036,16.615759,51.4083
1520664845547,13.321339,8.532935,10.295067
1520664845557,13.110648,9.260772,-16.673222
1520664845567,11.262324,12.354081,-1.0151415
1520664845577,7.632715,11.080365,12.880805
1520664845587,6.349423,9.3182335,10.582372
1520664845597,6.4643445,5.4779334,7.489063
1520664845607,5.6407394,0.21068975,7.7189064
1520664845617,3.2561142,-3.3039982,5.6790466
1520664845627,0.9864111,-4.960786,2.4133554
1520664845637,3.169923,-3.4380736,3.7445314
1520664845647,9.509769,1.3311762,12.124237
1520664845657,12.421119,3.4284968,18.243816
1520664845667,9.021352,2.7006595,9.203311
1520664845677,4.7022123,2.1068976,-3.6583402
1520664845687,2.0590134,1.9632454,-8.255207
1520664845697,1.1587936,0.15322891,-7.2592196
1520664845707,1.0342951,-2.777274,-4.7309427
1520664845717,1.685518,-7.3645644,0.7374141
1520664845727,1.1683705,-10.419566,3.1603463
1520664845737,-1.1492168,-6.6175733,-0.076614454
1520664845747,-2.1643584,-2.078167,-3.5434184
1520664845757,-2.6431987,0.17238252,-4.6351743
1520664845767,-2.2409728,3.0071173,-4.654328
1520664845778,-0.2777274,5.947197,-4.146757
1520664845787,1.436521,9.739613,-2.1260512
1520664845797,4.759673,14.633361,-0.20111294
1520664845808,8.465898,22.70661,7.07726
1520664845817,11.9614315,31.536425,11.645397
1520664845827,14.729129,39.695866,10.036493
1520664845837,18.971655,45.911213,7.9008656
1520664845847,20.159178,47.635036,4.309563
1520664845857,13.819332,44.86734,3.4955344
1520664845867,9.77792,41.80276,8.331821
1520664845877,8.322245,35.57784,7.517793
1520664845887,9.595961,25.321077,4.644751
1520664845897,11.645397,16.40507,2.1164744
1520664845907,11.032481,10.793061,-0.6512229
1520664845917,11.3964,5.765238,-2.2218192
1520664845927,12.392388,1.9728222,-2.8921957
1520664845937,13.503298,-0.89064306,-3.5625722
1520664845947,13.22557,-2.7964275,-3.5051112
1520664845957,10.151415,-2.7868507,-3.9552212
1520664845967,6.1770406,-1.4748282,-5.2959743
1520664845977,3.6008794,-1.283292,-6.6654577
1520664845987,1.733402,-2.4229321,-8.054094
1520664845997,0.45968673,-3.8594532,-9.299079
1520664846007,-1.1971009,-4.7500963,-9.481039
1520664846017,-2.9975405,-5.4300494,-10.295067
1520664846028,-4.4436383,-5.9184666,-11.616667
1520664846038,-5.659893,-6.4164605,-10.553641
1520664846049,-7.4986396,-6.435614,-7.0964136
1520664846057,-9.682152,-5.90889,-6.090849
1520664846068,-10.611102,-5.583278,-4.807557
1520664846077,-10.160992,-5.1523223,-2.8538885
1520664846087,-9.11712,-4.3287168,-2.1452048
1520664846097,-9.3182335,-3.4763808,-7.9966335
1520664846107,-6.157887,4.6351743,-22.926876
1520664846117,-3.2561142,9.232041,-13.656527
1520664846127,-14.192827,19.737799,64.69133
1520664846137,-12.794614,18.579004,48.698063
1520664846147,-6.9719152,11.022904,15.591042
1520664846157,-4.405331,9.461885,7.1347213
1520664846167,-4.012682,7.5561004,-0.93852705
1520664846177,-2.96881,5.00867,-7.1251445
1520664846187,-0.08619126,3.3518825,-8.7532015
1520664846197,1.292869,5.7748146,-8.446744
1520664846207,-0.6512229,8.571242,-8.197746
1520664846217,-2.3654714,9.212888,-5.4779334
1520664846227,-2.2505496,7.8050976,-2.1643584
1520664846237,-1.1587936,5.104438,-1.436521
1520664846247,-1.4460979,5.0182467,-3.3901896
1520664846257,-2.1452048,8.360553,-6.081272
1520664846267,-0.9864111,14.365211,-11.329363
1520664846277,0.15322891,22.783224,-19.79526
1520664846287,1.13964,35.070267,-27.495012
1520664846297,2.9496565,42.578484,-28.950687
1520664846307,5.2002063,42.951977,-20.925323
1520664846317,6.83784,41.917683,-12.4785795
1520664846327,11.769896,38.671146,2.5474305
1520664846337,30.29144,22.926876,64.95948
1520664846348,20.580557,10.716447,37.033512
1520664846358,7.642292,6.6079965,-2.825158
1520664846367,6.5696893,10.611102,-5.2768207
1520664846378,5.506664,13.369223,9.576807
1520664846388,7.0964136,11.501745,10.754754
1520664846399,7.603985,7.776367,9.931149
1520664846408,7.383718,3.3327289,7.699753
1520664846419,7.2209125,-0.22026655,2.8538885
1520664846429,6.483498,-1.9728222,-2.5761611
1520664846439,6.0525417,-2.0111294,-3.8786068
1520664846449,6.847417,-3.3614593,4.76925
1520664846460,10.534488,-6.6367273,20.781672
1520664846468,7.4986396,-4.280833,13.666103
1520664846480,2.8443117,-0.79487497,0.18195933
1520664846488,1.3790601,-0.8714894,-4.146757
1520664846499,1.0821792,-2.3175871,-4.271256
1520664846508,0.4213795,-3.8498764,-3.2369606
1520664846519,-0.8523358,-4.673482,-1.3790601
1520664846529,-2.5953147,-2.5570073,1.0630256
1520664846539,-3.3518825,0.62249243,2.480393
1520664846548,-2.6527755,2.4708161,1.1875241
1520664846560,-1.5801731,3.4476504,-1.6184803
1520664846568,-0.51714754,4.596867,-3.7253778
1520664846579,1.0342951,6.7133417,-3.8019924
1520664846588,3.3135753,9.835381,-2.030283
1520664846600,6.751649,13.388376,-0.22984336
1520664846609,9.509769,18.282124,2.6144683
1520664846617,10.572795,24.344242,5.363012
1520664846627,12.229582,30.3489,7.5465236
1520664846637,14.250289,36.7079,9.768343
1520664846647,17.420212,42.77002,10.381259
1520664846657,15.428236,44.704533,3.3901896
1520664846667,12.459426,41.774033,4.10845
1520664846677,12.717999,38.192307,9.682152
1520664846687,13.512875,30.674513,9.174581
1520664846697,14.729129,20.149601,4.807557
1520664846707,14.020445,12.670115,0.6512229
1520664846717,12.325351,7.2209125,-2.183512
1520664846728,12.210428,2.7868507,-3.0550013
1520664846738,11.87524,-0.2681506,-1.9632454
1520664846748,10.850522,-2.1547816,-0.9864111
1520664846758,8.599973,-3.0358477,-2.087744
1520664846769,5.6215854,-2.432509,-3.5051112
1520664846782,3.169923,-1.5227122,-4.0222588
1520664846793,1.2737153,-1.5993267,-5.6215854
1520664846803,-0.47884035,-2.1930888,-7.97748
1520664846812,-2.3654714,-2.7102363,-9.232041
1520664846825,-4.1180267,-3.3614593,-9.720459
1520664846834,-5.7748146,-4.2042184,-11.664551
1520664846840,-6.435614,-5.5737014,-12.066776
1520664846849,-8.6095495,-5.803545,-9.471462
1520664846857,-10.697293,-5.554548,-7.52737
1520664846868,-9.959879,-5.4683566,-4.721366
1520664846877,-9.404425,-4.7309427,-3.2273839
1520664846887,-8.197746,-4.0222588,-2.480393
1520664846898,-7.4124484,-3.0933087,-2.6623523
1520664846907,-6.742072,-0.11492168,-13.426683
1520664846917,-1.0534488,7.0006456,-19.85272
1520664846927,-1.9249382,9.069236,17.54471
1520664846937,-6.483498,21.538239,70.006454
1520664846947,-5.851429,14.221559,30.253132
1520664846957,-2.6527755,8.781932,11.453861
1520664846967,-0.641646,7.824251,4.711789
1520664846977,0.5363012,7.192182,-7.3549876
1520664846987,1.3599066,6.588843,-10.208876
1520664846997,1.2066777,10.448297,-8.925584
1520664847007,-2.4612393,14.020445,-9.5385
1520664847017,-5.2289367,14.039598,-8.552089
1520664847027,-4.8841715,8.293514,-5.104438
1520664847037,-3.5242648,2.5953147,-3.083732
1520664847047,-2.4899697,1.436521,-6.5218053
1520664847057,-2.2122424,6.0621185,-12.890382
1520664847067,-0.79487497,11.434708,-17.420212
1520664847077,-0.39264908,17.401058,-19.891027
1520664847087,-0.59376204,26.81506,-21.212627
1520664847097,0.545878,36.90901,-19.469648
1520664847107,2.327164,42.090065,-14.968549
1520664847117,4.1180267,43.890507,-10.007763
1520664847127,10.237606,42.13795,3.86903
1520664847137,32.484528,26.719292,63.388885
1520664847147,25.723303,13.64695,34.524387
1520664847157,11.597513,7.431602,0.15322891
1520664847167,9.078813,10.103531,-12.26789
1520664847177,7.1059904,12.708423,5.9759274
1520664847187,6.244078,10.821792,10.352529
1520664847197,6.7324953,7.9104424,7.0102224
1520664847207,6.8091097,3.8307228,4.903325
1520664847217,6.6271505,-0.45010993,3.4572272
1520664847227,6.4643445,-3.572149,2.384625
1520664847237,6.9527617,-4.5394063,0.5746084
1520664847248,8.513782,-5.4204726,8.322245
1520664847258,11.750742,-5.535394,21.11686
1520664847268,8.255207,-0.18195933,11.358093
1520664847279,3.5242648,2.384625,-1.2545617
1520664847288,0.9864111,1.7238252,-5.209783
1520664847299,0.31603462,0.1436521,-5.1235914
1520664847308,0.16280572,-2.2697031,-3.9456444
1520664847319,-0.31603462,-5.1810527,-0.81402856
1520664847330,-2.2218192,-4.673482,2.6527755
1520664847341,-4.185065,0.11492168,3.5242648
1520664847349,-4.0892963,2.825158,0.08619126
1520664847357,-3.2369606,3.8786068,-4.4340615
1520664847367,-1.6663644,5.746084,-6.8665705
1520664847377,0.90979666,8.418014,-6.0716953
1520664847387,4.2999864,12.315774,-2.1643584
1520664847397,8.111555,17.99482,4.912902
1520664847407,10.208876,23.999477,8.389283
1520664847417,12.191275,29.046455,6.1195793
1520664847427,15.006856,33.97851,4.9799395
1520664847437,16.108189,38.460457,7.326257
1520664847447,12.459426,41.065346,8.762778
1520664847457,8.015787,41.69742,6.6079965
1520664847467,8.494628,40.77804,9.155427
1520664847477,10.295067,36.506786,8.8777
1520664847487,12.670115,25.799917,6.081272
1520664847497,12.29662,17.439365,0.59376204
1520664847507,10.754754,11.779472,-3.2561142
1520664847517,12.277467,5.793968,-3.6583402
1520664847527,13.273455,1.2641385,-3.169923
1520664847537,13.685257,-1.9728222,-2.7485435
1520664847547,12.26789,-3.5817258,-2.8060043
1520664847557,8.916007,-3.6008794,-3.5817258
1520664847567,5.363012,-2.3942018,-4.2425256
1520664847577,3.371036,-1.7717092,-5.046977
1520664847587,2.3654714,-2.4037786,-6.4260373
1520664847597,0.9768343,-3.083732,-8.1881695
1520664847607,-0.7086837,-3.2273839,-9.404425
1520664847617,-2.4037786,-3.217807,-9.605537
1520664847627,-3.715801,-3.9839516,-9.615114
1520664847637,-5.0374002,-4.9799395,-9.548077
1520664847647,-7.824251,-5.2289367,-9.528923
1520664847657,-10.0748005,-5.305551,-9.931149
1520664847667,-10.409989,-4.9703627,-8.513782
1520664847677,-9.500193,-3.9839516,-5.3438582
1520664847687,-7.201759,-2.6144683,-1.685518
1520664847697,-5.5737014,-0.5554548,-5.9663506
1520664847707,-0.842759,9.394848,-25.924416
1520664847717,-8.1402855,18.071434,46.84016
1520664847727,-15.859192,16.021997,57.891796
1520664847737,-8.848969,7.249643,14.537593
1520664847747,-6.033388,6.6654577,6.7324953
1520664847757,-5.104438,4.9703627,2.6623523
1520664847767,-4.1371803,4.223372,-3.0933087
1520664847777,-2.825158,5.6982,-4.280833
1520664847787,-1.13964,9.002198,-6.253655
1520664847797,-1.6376339,10.496181,-10.745177
1520664847807,-2.27928,12.737153,-9.088389
1520664847818,-2.1260512,12.229582,-4.5777135
1520664847827,-0.8810662,10.151415,-2.96881
1520664847837,-0.17238252,8.916007,-4.9703627
1520664847847,0.5650316,10.773908,-10.170568
1520664847857,2.777274,13.88637,-15.8783455
1520664847867,4.711789,18.148048,-20.800825
1520664847877,5.171476,27.121517,-24.047361
1520664847887,6.349423,34.27539,-24.191013
1520664847897,6.6079965,37.368702,-18.789696
1520664847907,5.48751,38.77649,-11.329363
1520664847917,8.571242,37.52193,1.0726024
1520664847927,27.08321,26.364948,64.15503
1520664847937,16.941372,15.456966,38.115692
1520664847947,3.1507695,12.239159,-6.435614
1520664847957,5.592855,15.44739,-7.920019
1520664847967,5.90889,15.409082,9.998186
1520664847977,6.847417,12.564771,11.300632
1520664847987,7.1155677,8.494628,8.255207
1520664847997,7.2592196,3.1411927,6.895301
1520664848007,7.565677,-1.1779473,4.6926355
1520664848017,7.153875,-3.074155,-0.11492168
1520664848027,5.995081,-2.6910827,-3.2561142
1520664848037,7.5848308,-4.5777135,7.0006456
1520664848047,12.124237,-6.7229185,22.725763
1520664848057,7.240066,-1.7812861,7.632715
1520664848067,1.8962077,1.1300632,-6.0716953
1520664848077,0.9672575,-0.009576807,-7.086837
1520664848087,1.484405,-1.9536686,-4.5872903
1520664848097,2.087744,-4.912902,-0.641646
1520664848107,1.1683705,-6.742072,3.8115692
1520664848117,-1.541866,-4.5777135,6.7324953
1520664848127,-3.3135753,-1.2258313,6.0525417
1520664848137,-3.8307228,1.4652514,2.528277
1520664848147,-4.4340615,3.9456444,0.038307227
1520664848157,-3.8881836,5.7748146,-1.4460979
1520664848167,-2.0015526,7.3645644,-1.7429788
1520664848177,0.7661445,9.097966,-0.1436521
1520664848187,4.6351743,11.233594,0.9864111
1520664848197,9.11712,14.211981,0.545878
1520664848207,16.060305,18.828003,2.2888567
1520664848217,20.84871,25.3115,5.3247046
1520664848227,20.992361,32.474953,5.583278
1520664848237,16.117765,41.285614,6.646304
1520664848247,14.623784,49.023674,9.260772
1520664848257,16.874334,48.439487,4.501099
1520664848267,16.156073,41.60165,6.8569937
1520664848277,15.370775,29.534872,9.107543
1520664848288,18.090588,16.510414,6.6079965
1520664848298,17.343597,10.093954,2.9975405
1520664848308,14.326903,6.646304,-1.7908629
1520664848317,11.281479,3.9264908,-4.414908
1520664848327,9.56723,2.1452048,-5.0757074
1520664848338,8.6095495,0.6895301,-5.056554
1520664848347,7.249643,-0.19153613,-5.161899
1520664848357,5.161899,0.10534488,-5.5258174
1520664848367,3.41892,0.7565677,-5.6982
1520664848377,2.6048915,0.35434186,-6.1866174
1520664848387,1.1300632,-0.5554548,-7.6614456
1520664848397,-0.7374141,-1.5610195,-8.791509
1520664848409,-2.2122424,-2.6048915,-9.461885
1520664848417,-3.9264908,-3.8115692,-10.927136
1520664848427,-5.353435,-5.1906295,-10.352529
1520664848437,-8.599973,-5.803545,-8.073248
1520664848447,-11.549629,-5.5737014,-6.531382
1520664848457,-14.441825,-5.793968,-6.8761473
1520664848467,-14.84405,-5.583278,-6.2823853
1520664848477,-12.593501,-4.5202527,-4.7979803
1520664848487,-9.969456,-3.1028855,-4.903325
1520664848498,-7.393295,1.3599066,-9.308656
1520664848507,-2.4708161,7.9391727,-14.4130945
1520664848518,-7.2113357,13.177686,35.041534
1520664848528,-13.177686,19.785683,67.21003
1520664848538,-7.8529816,11.080365,27.50459
1520664848548,-3.0550013,8.858546,13.857639
1520664848557,-1.6280571,7.335834,8.025364
1520664848567,-0.58418524,4.0797195,-2.4133554
1520664848578,0.50757074,3.3997664,-8.121132
1520664848587,-1.0630256,6.8091097,-11.779472
1520664848598,-3.9552212,7.881712,-13.924677
1520664848607,-3.8019924,7.240066,-10.208876
1520664848618,-3.0071173,5.2289367,-6.167464
1520664848628,-2.2601264,3.8881836,-5.2863975
1520664848638,-1.982399,5.363012,-7.4028716
1520664848648,-1.8483237,10.04607,-10.515334
1520664848658,-2.135628,16.51999,-15.322891
1520664848668,-2.6910827,25.3115,-19.488802
1520664848680,-1.7621324,37.043087,-22.7928
1520664848688,0.46926352,44.48427,-20.90617
1520664848698,2.2122424,45.805866,-14.384364
1520664848707,4.9416323,44.139503,-9.921572
1520664848717,13.378799,37.34955,5.0374002
1520664848727,35.72149,17.889475,64.767944
1520664848738,24.957159,5.353435,34.955345
1520664848748,8.513782,4.2425256,-3.323152
1520664848757,6.6846113,11.87524,-8.303091
1520664848768,7.8050976,12.038046,3.0071173
1520664848777,9.433155,9.097966,7.824251
1520664848787,9.959879,5.93762,9.969456
1520664848797,8.992621,2.1547816,6.799533
1520664848807,7.393295,-0.6703765,2.3558946
1520664848817,6.655881,-1.7621324,0.5650316
1520664848827,7.3549876,-3.2273839,7.441179
1520664848837,10.151415,-4.7500963,20.369867
1520664848847,7.5848308,-1.3982137,11.616667
1520664848857,3.2082303,1.7812861,-2.432509
1520664848867,1.1492168,1.5801731,-6.2249246
1520664848877,0.5267244,-0.4405331,-5.746084
1520664848887,-0.16280572,-3.4859576,-2.9400797
1520664848897,-2.2697031,-5.659893,2.585738
1520664848907,-5.2289367,-4.2425256,6.435614
1520664848917,-6.3685765,-0.6512229,4.903325
1520664848927,-5.8322754,1.3599066,0.6895301
1520664848937,-5.2385135,2.566584,-2.9113493
1520664848947,-3.083732,4.663905,-5.056554
1520664848957,-0.45010993,6.703765,-4.9703627
1520664848967,1.4269443,9.739613,-1.934515
1520664848977,4.6830587,14.106636,1.2354081
1520664848987,9.002198,19.689915,3.6774938
1520664848997,13.397953,27.035326,6.167464
1520664849007,17.448942,35.558685,7.575254
1520664849017,20.187908,43.497856,9.375694
1520664849027,18.789696,47.165775,10.055647
1520664849037,13.215993,42.865788,5.363012
1520664849047,9.107543,36.7079,6.4739213
1520664849057,7.469909,33.02083,5.056554
1520664849072,8.628703,27.131094,2.6144683
1520664849077,10.275913,19.76653,0.6607997
1520664849087,10.323798,13.627796,-2.327164
1520664849097,9.710882,8.791509,-3.5625722
1520664849107,9.662998,5.2385135,-3.4380736
1520664849121,9.988609,1.733402,-3.0262709
1520664849127,9.883265,-1.1875241,-2.7581203
1520664849137,8.523358,-2.7389667,-2.7964275
1520664849147,5.439626,-2.5761611,-3.265691
1520664849157,2.6527755,-2.1643584,-3.9073372
1520664849167,1.1013328,-2.9496565,-4.8458643
1520664849179,-0.1436521,-4.0701427,-5.2480903
1520664849187,-1.6950948,-4.6255975,-4.951209
1520664849197,-2.633622,-5.353435,-5.094861
1520664849207,-3.0358477,-6.588843,-6.1387334
1520664849217,-4.10845,-7.920019,-7.0485296
1520664849227,-7.3071036,-7.73806,-7.575254
1520664849237,-10.783484,-6.6654577,-8.829816
1520664849247,-12.794614,-5.9663506,-9.490616
1520664849257,-11.664551,-4.5872903,-6.981492
1520664849267,-8.8777,-3.122039,-4.223372
1520664849277,-7.469909,-1.7429788,-4.405331
1520664849287,-3.964798,4.5777135,-12.53604
1520664849297,-1.1971009,9.595961,-14.700398
1520664849311,-5.2002063,22.840685,54.22388
1520664849317,-7.517793,22.629995,52.75863
1520664849327,-4.5202527,11.3964,17.324444
1520664849337,-3.5434184,7.144298,7.833828
1520664849347,-2.9017725,3.2082303,0.20111294
1520664849357,-1.7812861,1.4077905,-8.2169
1520664849367,-1.5610195,5.305551,-13.369223
1520664849377,-4.4340615,8.283937,-16.424223
1520664849387,-5.4683566,10.630256,-13.790602
1520664849397,-4.4244847,10.563218,-8.7053175
1520664849407,-3.667917,8.111555,-7.9487495
1520664849417,-2.767697,7.690176,-12.095507
1520664849427,-1.1300632,11.243171,-18.856733
1520664849437,0.0,16.759413,-25.359385
1520664849447,0.5746084,23.252487,-27.35136
1520664849457,1.1109096,31.632193,-23.463177
1520664849467,1.9153614,38.824375,-17.879898
1520664849477,2.719813,41.946415,-11.597513
1520664849487,4.4819455,42.44441,-7.374141
1520664849498,12.660539,39.935284,10.582372
1520664849507,32.24511,23.788788,68.23475
1520664849517,18.50239,10.965444,35.395878
1520664849527,3.9073372,11.310209,-7.8912888
1520664849537,4.5777135,18.176779,-6.5122285
1520664849547,5.9184666,14.671668,9.816227
1520664849557,8.887277,10.151415,10.869676
1520664849568,9.691729,6.205771,8.916007
1520664849577,9.509769,2.030283,7.4124484
1520664849588,8.0924015,-1.1300632,5.707777
1520664849598,6.483498,-3.1411927,2.1164744
1520664849607,6.4068837,-4.5777135,2.7964275
1520664849618,8.542512,-4.280833,8.130709
1520664849627,9.097966,-2.6240451,12.344504
1520664849638,5.755661,0.40222588,5.3438582
1520664849647,2.0590134,2.1452048,-3.7924154
1520664849657,1.0821792,1.1875241,-6.5218053
1520664849667,1.7812861,-1.3311762,-5.094861
1520664849677,3.1028855,-4.759673,-0.63206923
1520664849687,4.060566,-7.651869,3.5434184
1520664849697,2.9879637,-7.699753,3.6870706
1520664849707,0.16280572,-4.357447,1.7525556
1520664849717,-2.2984335,-0.47884035,0.22026655
1520664849727,-4.3957543,2.882619,-0.19153613
1520664849737,-5.4683566,6.339846,-0.7565677
1520664849747,-4.453215,8.580819,-1.2641385
1520664849757,-1.4939818,10.199299,-2.5187001
1520664849767,2.0015526,13.417107,-3.0358477
1520664849777,5.4204726,21.011515,3.9839516
1520664849787,14.853627,28.060043,10.572795
1520664849797,23.39614,34.055126,7.2592196
1520664849807,23.27164,40.94085,3.2848446
1520664849818,18.703505,46.658203,6.301539
1520664849827,11.750742,49.06198,8.255207
1520664849837,8.7053175,46.58159,3.2944214
1520664849847,7.6231384,37.770927,5.353435
1520664849857,8.954314,24.59324,7.029376
1520664849867,12.852075,15.02601,5.6407394
1520664849877,12.583924,9.768343,2.3558946
1520664849887,11.089942,6.5984197,-2.2601264
1520664849897,10.01734,3.8498764,-5.449203
1520664849907,9.528923,1.0726024,-6.2249246
1520664849917,8.858546,-1.1109096,-5.4683566
1520664849927,7.1059904,-2.1260512,-4.3478703
1520664849937,4.6351743,-2.0685902,-4.4723687
1520664849947,2.7389667,-1.9153614,-5.257667
1520664849957,1.5227122,-2.4612393,-6.4260373
1520664849967,0.11492168,-3.2848446,-8.0924015
1520664849977,-1.484405,-4.1180267,-9.56723
1520664849987,-2.9879637,-4.55856,-11.128249
1520664849997,-3.9552212,-4.8362875,-11.894394
1520664850007,-5.3725886,-5.66947,-9.519346
1520664850017,-8.590396,-5.899313,-7.1730285
1520664850027,-10.831368,-5.391742,-6.2632318
1520664850037,-12.018892,-5.1523223,-5.8801594
1520664850047,-12.0571995,-4.999093,-4.8841715
1520664850057,-10.91756,-4.405331,-5.4683566
1520664850067,-9.308656,-2.135628,-8.063671
1520664850077,-4.596867,5.1810527,-12.038046
1520664850087,-2.3750482,8.839393,-4.4340615
1520664850097,-7.2304893,25.349808,63.76238
1520664850107,-5.899313,18.607735,42.34864
1520664850117,-2.0398598,9.911995,16.960526
1520664850127,-0.63206923,6.2345014,9.56723
1520664850137,-1.5993267,1.7812861,-4.951209
1520664850147,-2.336741,1.4748282,-12.095507
1520664850157,-2.9017725,5.985504,-14.365211
1520664850167,-5.9184666,8.714894,-13.982138
1520664850177,-6.646304,11.195287,-9.404425
1520664850187,-4.5202527,11.348516,-4.4915223
1520664850197,-2.2601264,8.24563,-3.8019924
1520664850207,-2.0398598,7.3166804,-6.3206925
1520664850217,-2.681506,10.390836,-11.702858
1520664850227,-2.231396,15.524004,-20.781672
1520664850237,-1.091756,22.744917,-24.813507
1520664850247,1.1109096,32.340878,-23.089682
1520664850257,2.920926,38.50834,-17.72667
1520664850267,4.2425256,40.77804,-12.344504
1520664850277,6.2632318,41.32392,-7.699753
1520664850287,13.637373,39.207447,10.869676
1520664850297,30.37763,24.890121,65.036095
1520664850307,18.176779,12.29662,31.392773
1520664850317,3.667917,8.465898,-2.1452048
1520664850327,3.514688,14.700398,-11.473015
1520664850337,5.506664,15.05474,6.1100025
1520664850347,7.632715,10.812215,12.258312
1520664850357,7.795521,7.07726,10.1226845
1520664850367,7.4986396,2.633622,8.513782
1520664850377,6.943185,-1.4556746,5.8226986
1520664850387,6.291962,-3.5529952,0.7565677
1520664850397,6.483498,-5.046977,1.4939818
1520664850407,9.797073,-4.548983,8.820239
1520664850417,11.224017,-1.7142484,14.384364
1520664850427,7.4603324,1.5897499,7.086837
1520664850437,3.0358477,2.72939,-2.9592333
1520664850447,1.541866,1.484405,-6.4068837
1520664850457,1.6950948,-0.9864111,-4.8745947
1520664850467,2.2888567,-4.280833,0.46926352
1520664850477,2.681506,-7.575254,4.8745947
1520664850487,0.18195933,-5.947197,2.6719291
1520664850497,-1.9440918,-1.5131354,-1.6950948
1520664850507,-2.3463178,0.842759,-4.357447
1520664850517,-2.135628,3.5242648,-5.3342814
1520664850527,-1.3982137,7.038953,-4.999093
1520664850537,0.23942018,11.147403,-3.122039
1520664850547,2.4612393,15.95496,-1.5801731
1520664850557,4.9703627,22.850262,7.153875
1520664850567,8.561666,28.921957,12.717999
1520664850578,15.370775,31.565155,9.595961
1520664850587,21.787235,33.53798,3.7062242
1520664850597,17.899052,36.430172,2.135628
1520664850607,10.208876,40.03105,3.916914
1520664850617,5.439626,41.515457,6.397307
1520664850627,6.7133417,38.517918,10.007763
1520664850638,10.898406,29.372066,8.925584
1520664850647,14.642938,18.435352,2.930503
1520664850657,13.005303,13.005303,-1.2737153
1520664850667,12.5264635,8.264784,-3.7253778
1520664850677,12.6222315,4.357447,-4.55856
1520664850687,12.08593,1.982399,-4.098873
1520664850697,10.505757,0.9672575,-3.083732
1520664850707,7.7572136,0.9768343,-2.4995465
1520664850717,4.5777135,1.3694834,-2.9783869
1520664850727,2.3558946,1.1779473,-3.6391866
1520664850737,1.1492168,-0.08619126,-4.55856
1520664850748,0.49799395,-2.030283,-6.2728086
1520664850757,-1.0055647,-3.169923,-7.4028716
1520664850767,-2.5091233,-3.9935284,-8.255207
1520664850777,-3.8594532,-4.6160207,-9.576807
1520664850787,-5.305551,-5.401319,-11.032481
1520664850797,-7.2687964,-6.0046577,-10.783484
1520664850807,-10.103531,-5.4779334,-9.030929
1520664850817,-12.995727,-5.4300494,-7.5944076
1520664850827,-13.40753,-5.707777,-6.540959
1520664850838,-11.674128,-4.903325,-4.003105
1520664850847,-9.279925,-3.7541082,-2.5474305
1520664850857,-7.785944,-1.9919758,-5.851429
1520664850867,-2.3558946,5.3247046,-13.196839
1520664850878,-0.08619126,14.748282,20.87744
1520664850887,-4.596867,24.689009,66.616264
1520664850897,-5.104438,13.273455,27.916391
1520664850907,-2.078167,8.590396,9.3182335
1520664850917,-0.90021986,7.0006456,1.541866
1520664850927,-0.79487497,4.6830587,-4.146757
1520664850937,-0.19153613,7.019799,-8.6574335
1520664850947,-0.8523358,11.798626,-11.291056
1520664850957,-4.721366,14.748282,-11.722012
1520664850967,-6.253655,14.173674,-8.580819
1520664850977,-5.841852,7.3166804,-4.3766007
1520664850987,-5.171476,2.815581,-5.0182467
1520664850997,-4.4244847,3.821146,-9.222465
1520664851007,-3.6296098,8.63828,-15.284584
1520664851017,-3.2273839,15.418659,-21.86385
1520664851027,-3.083732,23.894133,-21.969194
1520664851040,-1.541866,34.533966,-20.69548
1520664851050,1.7429788,41.80276,-18.50239
1520664851057,4.711789,42.92325,-13.713987
1520664851067,7.3071036,42.19541,-8.686164
1520664851077,21.902157,34.792538,26.096798
1520664851087,33.41348,16.577452,66.56838
1520664851097,13.934254,7.52737,23.520638
1520664851107,1.8100165,8.90643,-11.051635
1520664851117,2.1739352,15.8304615,-8.0924015
1520664851127,6.2823853,12.373235,5.104438
1520664851137,9.739613,7.3166804,9.490616
1520664851147,10.247183,4.223372,10.160992
1520664851157,9.442732,1.3694834,6.694188
1520664851167,8.073248,-1.6759412,2.8634653
1520664851177,8.695741,-3.7253778,3.3806129
1520664851187,10.97502,-4.7788267,12.53604
1520664851197,9.902418,-1.9728222,13.168109
1520664851207,4.673482,2.3175871,2.327164
1520664851217,1.2258313,2.873042,-3.572149
1520664851227,0.29688102,1.2354081,-4.6255975
1520664851237,0.5554548,-1.2737153,-3.1124623
1520664851247,1.1492168,-5.1140146,0.82360536
1520664851257,0.40222588,-7.97748,4.271256
1520664851267,-2.2697031,-5.353435,2.3080103
1520664851277,-3.2561142,-1.0342951,-1.8579005
1520664851287,-3.2369606,1.0534488,-4.2999864
1520664851297,-3.169923,3.3423057,-3.6966474
1520664851307,-1.4269443,6.847417,-1.6567876
1520664851317,0.545878,11.061212,1.4269443
1520664851327,2.633622,15.1696615,0.641646
1520664851337,4.7884035,18.971655,-0.18195933
1520664851347,8.408437,23.405716,6.042965
1520664851357,17.745823,26.757599,8.66701
1520664851367,20.992361,31.72796,6.8186865
1520664851377,20.197485,38.6903,6.8761473
1520664851387,18.26297,44.771572,8.2169
1520664851397,15.47612,44.48427,5.497087
1520664851407,14.317327,38.441303,8.207323
1520664851417,14.81532,27.686548,8.293514
1520664851427,16.663643,16.4338,4.999093
1520664851437,15.275007,10.553641,0.35434186
1520664851448,12.5264635,6.4739213,-3.620033
1520664851459,11.319786,3.3901896,-5.363012
1520664851470,10.6398325,1.5801731,-5.1810527
1520664851485,9.509769,0.39264908,-4.5394063
1520664851500,7.833828,-0.45968673,-4.4340615
1520664851508,5.209783,-0.31603462,-4.0797195
1520664851511,2.8538885,0.019153614,-4.644751
1520664851517,1.1875241,-0.545878,-5.7843914
1520664851527,-0.15322891,-1.7429788,-7.3645644
1520664851537,-1.9153614,-2.8538885,-8.772355
1520664851547,-3.8881836,-3.9839516,-9.710882
1520664851557,-5.104438,-5.2480903,-9.768343
1520664851567,-7.1155677,-5.947197,-8.350976
1520664851577,-10.055647,-5.4683566,-6.7133417
1520664851587,-11.540052,-5.592855,-6.895301
1520664851597,-13.302185,-5.6886234,-7.374141
1520664851607,-13.177686,-4.501099,-5.6120086
1520664851617,-10.764331,-3.083732,-3.41892
1520664851627,-9.586384,-1.6759412,-4.6255975
1520664851638,-6.6175733,3.821146,-12.813767
1520664851648,-1.9440918,8.734048,-17.592594
1520664851658,-6.6079965,11.884817,26.757599
1520664851668,-9.615114,22.859838,69.27862
1520664851680,-4.232949,10.994174,26.997019
1520664851690,-1.3311762,5.0278234,11.013328
1520664851700,-1.7142484,0.2873042,2.0398598
1520664851710,-3.763685,-2.1930888,-7.632715
1520664851722,-4.0797195,0.5554548,-11.587936
1520664851732,-5.0757074,4.8362875,-15.552734
1520664851742,-8.571242,8.350976,-14.365211
1520664851752,-8.437167,12.545617,-8.963891
1520664851764,-5.9759274,12.871228,-5.506664
1520664851776,-4.0414124,11.760319,-6.1100025
1520664851785,-4.280833,12.957419,-8.24563
1520664851796,-5.0182467,17.03714,-12.765883
1520664851807,-3.7924154,24.028208,-21.38501
1520664851811,-1.091756,32.407913,-24.612394
1520664851817,1.091756,38.757336,-21.11686
1520664851829,3.8402996,40.6727,-14.978126
1520664851837,7.0102224,39.896976,-9.921572
1520664851847,11.358093,37.560238,-2.3080103
1520664851857,30.760704,24.44001,61.741673
1520664851867,25.25404,11.645397,41.094078
1520664851877,9.624691,8.322245,3.3901896
1520664851887,5.391742,12.698846,-14.298173
1520664851897,5.6215854,13.934254,2.3175871
1520664851907,7.728483,10.160992,12.497733
1520664851917,7.192182,6.483498,10.936713
1520664851927,5.7269306,3.323152,8.360553
1520664851937,4.912902,-0.94810385,8.408437
1520664851947,4.050989,-3.9552212,5.7748146
1520664851957,4.5202527,-4.4819455,1.9153614
1520664851968,7.872135,-4.185065,5.1523223
1520664851978,10.869676,-1.7238252,11.329363
1520664851987,9.030929,1.5035586,7.3645644
1520664852000,5.1810527,2.4995465,-1.283292
1520664852009,2.9400797,1.6759412,-4.6926355
1520664852021,2.1739352,-0.45968673,-3.514688
1520664852029,1.4269443,-3.2273839,0.7565677
1520664852038,-0.17238252,-5.631162,3.5434184
1520664852048,-2.5091233,-4.951209,1.7717092
1520664852058,-3.2465374,-2.3463178,-1.6184803
1520664852068,-2.7102363,-0.59376204,-4.271256
1520664852080,-2.5091233,1.0342951,-5.161899
1520664852088,-2.1452048,3.4955344,-3.9743748
1520664852097,-0.7374141,6.493075,-1.6184803
1520664852111,1.4173675,10.448297,1.7046716
1520664852117,4.3382936,14.5567465,1.9249382
1520664852127,6.3589997,20.810402,4.3382936
1520664852137,9.682152,28.376078,8.513782
1520664852147,13.196839,35.68318,10.668563
1520664852157,17.803284,42.894516,11.530476
1520664852167,19.948488,49.320557,8.475474
1520664852177,15.428236,48.027687,3.3614593
1520664852187,11.434708,41.63038,7.3549876
1520664852197,9.289502,34.390312,8.341399
1520664852207,11.473015,23.386562,6.2728086
1520664852217,13.474567,14.595054,3.074155
1520664852227,12.287044,9.5385,-1.6376339
1520664852237,11.176133,4.9224787,-4.912902
1520664852247,11.166556,1.5610195,-4.9320555
1520664852259,10.266336,-0.19153613,-4.1276035
1520664852267,9.011775,-1.5610195,-3.265691
1520664852278,6.6079965,-1.7812861,-3.4763808
1520664852288,3.916914,-0.60333884,-4.4340615
1520664852299,2.384625,-0.38307226,-5.5162406
1520664852308,1.4173675,-1.436521,-6.694188
1520664852320,-0.1340753,-2.1930888,-8.1881695
1520664852328,-1.7812861,-3.0550013,-8.944737
1520664852339,-3.265691,-3.9552212,-10.0269165
1520664852348,-4.185065,-5.2480903,-10.199299
1520664852360,-6.0238113,-6.0716953,-7.632715
1520664852368,-8.762778,-5.851429,-5.947197
1520664852380,-9.768343,-5.889736,-5.717354
1520664852388,-10.390836,-5.257667,-4.5681367
1520664852400,-10.093954,-4.5681367,-3.2848446
1520664852409,-9.739613,-3.9552212,-6.655881
1520664852424,-6.981492,2.3750482,-16.414646
1520664852431,-1.0534488,9.9790325,-19.249382
1520664852438,-7.0964136,6.9240313,11.559206
1520664852448,-15.313314,25.388115,69.51804
1520664852458,-9.969456,15.696386,36.31525
1520664852467,-6.531382,9.404425,15.160085
1520664852477,-5.1523223,4.367024,3.3327289
1520664852487,-4.548983,0.78529817,-6.6367273
1520664852497,-1.7142484,1.3694834,-9.80665
1520664852508,-1.292869,4.951209,-12.698846
1520664852517,-5.171476,7.0006456,-12.258312
1520664852527,-6.5026517,8.015787,-8.197746
1520664852537,-5.1140146,6.291962,-3.7445314
1520664852547,-3.514688,3.5338416,-1.934515
1520664852557,-2.8060043,2.8443117,-3.3806129
1520664852567,-2.72939,5.2385135,-6.885724
1520664852577,-3.41892,11.57836,-12.593501
1520664852587,-3.5434184,20.60929,-20.72421
1520664852597,-2.1547816,31.660923,-26.441563
1520664852607,0.6799533,43.354206,-28.270733
1520664852617,3.6296098,46.801853,-22.34269
1520664852627,6.157887,46.083595,-14.824897
1520664852637,9.32781,42.71256,-5.793968
1520664852647,25.234886,29.027302,47.951073
1520664852657,26.929981,10.658986,58.073757
1520664852667,7.038953,4.548983,17.822437
1520664852677,0.2777274,6.4547677,-9.902418
1520664852687,3.0358477,14.537593,-6.1195793
1520664852697,5.046977,12.583924,5.5162406
1520664852707,8.054094,8.523358,11.224017
1520664852717,8.178593,5.2385135,10.716447
1520664852727,8.303091,1.532289,6.8282633
1520664852737,8.887277,-1.4939818,5.133168
1520664852747,10.5919485,-2.528277,8.446744
1520664852757,11.865664,-2.6527755,14.757859
1520664852767,8.475474,-0.23942018,7.393295
1520664852777,3.8881836,1.6567876,-2.9879637
1520664852787,1.7238252,0.90021986,-6.090849
1520664852797,1.283292,-1.0726024,-4.050989
1520664852807,1.1683705,-4.1180267,0.91937345
1520664852817,0.019153614,-6.799533,3.715801
1520664852827,-2.4229321,-4.644751,0.5746084
1520664852837,-3.0454245,-1.1300632,-2.4229321
1520664852847,-2.4516625,0.7661445,-3.4955344
1520664852859,-2.0207062,2.4420857,-3.1124623
1520664852867,-1.1013328,4.414908,-1.3503298
1520664852877,-0.5554548,7.1347213,0.9576807
1520664852887,1.091756,10.907983,2.135628
1520664852897,3.8786068,15.313314,1.8004397
1520664852907,6.8665705,22.323536,4.817134
1520664852917,10.524911,30.664936,8.264784
1520664852927,14.384364,37.924156,9.749189
1520664852937,18.330008,44.934376,10.649409
1520664852947,18.904617,49.54082,7.383718
1520664852957,13.168109,45.307873,4.817134
1520664852967,7.6135616,40.145973,7.699753
1520664852977,3.9264908,34.70635,5.4683566
1520664852987,7.345411,24.49747,2.8634653
1520664852997,10.927136,14.537593,0.6991069
1520664853007,10.1226845,8.523358,-2.1260512
1520664853017,9.844957,4.903325,-4.146757
1520664853027,10.208876,1.3024458,-3.6870706
1520664853037,10.314221,-1.6184803,-2.585738
1520664853047,9.624691,-3.466804,-1.8674773
1520664853057,6.7803793,-3.5434184,-2.4229321
1520664853067,3.5529952,-2.6719291,-3.265691
1520664853077,1.8100165,-2.8634653,-4.7788267
1520664853087,0.6799533,-3.9935284,-6.4164605
1520664853097,-0.6799533,-4.903325,-7.843405
1520664853107,-2.0590134,-5.717354,-9.232041
1520664853117,-3.2561142,-6.646304,-10.524911
1520664853127,-4.6926355,-7.6614456,-9.634268
1520664853137,-7.029376,-7.785944,-6.933608
1520664853147,-9.605537,-6.579266,-6.6654577
1520664853157,-11.386824,-5.3725886,-6.9719152
1520664853167,-11.540052,-4.76925,-5.8226986
1520664853177,-9.825804,-4.2425256,-4.721366
1520664853187,-8.178593,-2.8634653,-6.167464
1520664853197,-4.462792,3.9743748,-14.595054
1520664853207,-1.5131354,8.1881695,-15.619772
1520664853217,-5.659893,15.50485,33.901897
1520664853227,-6.540959,28.376078,65.486206
1520664853237,-4.050989,13.551182,27.121517
1520664853247,-4.098873,9.059659,8.839393
1520664853257,-4.003105,4.5298295,-3.821146
1520664853267,-3.4859576,1.0630256,-11.942278
1520664853277,-2.480393,3.0071173,-14.116213
1520664853287,-4.5394063,6.4643445,-14.901511
1520664853297,-7.632715,8.408437,-12.603078
1520664853307,-6.703765,8.130709,-7.326257
1520664853317,-4.367024,3.9360676,-3.6774938
1520664853327,-3.3327289,1.982399,-5.2002063
1520664853337,-4.3861775,4.817134,-10.228029
1520664853347,-4.855441,10.409989,-17.152061
1520664853357,-4.1180267,16.682798,-24.114399
1520664853367,-3.6774938,25.273193,-25.167849
1520664853377,-1.5993267,36.094986,-22.467188
1520664853387,1.5227122,44.292732,-18.550274
1520664853397,3.41892,46.62947,-12.804191
1520664853407,5.93762,46.03571,-8.360553
1520664853417,14.269443,40.825928,11.147403
1520664853428,33.911472,21.078552,68.340096
1520664853438,20.130447,7.575254,34.859577
1520664853448,3.3135753,5.104438,0.5554548
1520664853461,2.6623523,14.54717,-9.203311
1520664853475,4.2425256,14.269443,3.3327289
1520664853488,7.651869,9.643845,8.734048
1520664853493,9.270349,5.93762,11.616667
1520664853498,9.32781,2.5091233,9.595961
1520664853507,8.580819,-1.2641385,4.3382936
1520664853517,8.121132,-3.5529952,1.9536686
1520664853528,9.931149,-4.0414124,8.341399
1520664853539,11.81778,-1.6472107,16.596605
1520664853548,8.350976,1.7525556,10.381259
1520664853559,3.9743748,3.0550013,-1.9153614
1520664853568,2.1452048,2.3463178,-8.082825
1520664853577,1.7238252,0.019153614,-7.747637
1520664853587,1.733402,-3.122039,-3.9552212
1520664853597,1.6950948,-6.7133417,0.5554548
1520664853607,0.6991069,-8.523358,2.336741
1520664853617,-1.4556746,-4.6926355,0.2777274
1520664853628,-2.4899697,-0.25857377,-1.7046716
1520664853637,-2.9017725,2.777274,-1.934515
1520664853647,-2.2984335,6.0621185,-0.7374141
1520664853657,-1.0342951,8.963891,1.3599066
1520664853667,0.5746084,11.348516,1.1875241
1520664853677,3.217807,14.393941,-1.2354081
1520664853687,5.631162,20.714634,1.685518
1520664853698,8.322245,28.950687,9.203311
1520664853708,11.597513,37.780502,13.761871
1520664853718,17.439365,46.083595,13.828909
1520664853728,22.026655,51.16888,9.040505
1520664853741,16.759413,47.51054,2.4899697
1520664853753,11.702858,41.706993,4.098873
1520664853765,8.6095495,32.819717,4.232949
1520664853776,10.352529,21.375433,2.3750482
1520664853786,11.568783,13.302185,0.30645782
1520664853796,10.208876,8.197746,-3.5817258
1520664853801,9.433155,4.721366,-6.0046577
1520664853807,8.896853,2.030283,-6.5696893
1520664853817,8.686164,-0.009576807,-6.0525417
1520664853827,7.7189064,-1.283292,-5.4683566
1520664853837,5.171476,-1.388637,-4.7500963
1520664853847,2.6240451,-1.0630256,-4.5777135
1520664853857,0.9672575,-1.7238252,-5.4204726
1520664853867,-0.45968673,-2.8443117,-6.6079965
1520664853877,-2.0590134,-4.003105,-6.895301
1520664853887,-3.5817258,-5.554548,-7.297527
1520664853897,-4.960786,-6.933608,-8.762778
1520664853907,-6.7229185,-7.8050976,-8.24563
1520664853917,-8.820239,-7.8146744,-5.6790466
1520664853927,-10.716447,-7.5465236,-5.7365074
1520664853937,-11.377247,-6.9144545,-5.9759274
1520664853947,-10.103531,-5.4204726,-4.3382936
1520664853957,-8.628703,-4.0701427,-3.7445314
1520664853967,-7.8050976,-2.6527755,-5.2959743
1520664853977,-4.8362875,3.8594532,-14.700398
1520664853987,-2.72939,9.299079,-13.9438305
1520664853997,-5.6790466,20.657173,52.346825
1520664854007,-6.090849,23.080105,58.45683
1520664854017,-5.3247046,11.444284,21.241358
1520664854027,-5.133168,7.345411,10.342952
1520664854037,-3.6296098,1.8387469,-0.6703765
1520664854047,-3.3997664,-0.30645782,-11.300632
1520664854057,-4.5202527,2.9400797,-13.9438305
1520664854067,-8.820239,6.9527617,-16.414646
1520664854079,-10.620679,10.67814,-13.88637
1520664854087,-6.540959,11.224017,-7.5082164
1520664854097,-3.5913026,9.299079,-5.046977
