1523211840533,0.8912524,-0.45448375,0.9285152
1523211840537,0.6243043,-0.30115658,1.0751228
1523211840552,0.4447099,0.25473082,1.2113458
1523211840557,0.2742785,0.7452556,1.1545353
1523211840562,0.15210545,0.80939645,0.8906415
1523211840568,0.076358154,0.62980205,0.5186246
1523211840577,0.021991149,0.3848451,0.14049901
1523211840585,-0.013439035,0.312763,-0.049480084
1523211840598,-0.008552114,0.29932398,-0.18203785
1523211840609,0.030543262,0.19242255,-0.2687807
1523211840619,-0.023823744,-0.039095376,-0.30176744
1523211840627,-0.226631,-0.099571034,-0.31337386
1523211840639,-0.47525316,0.08857546,-0.30848694
1523211840648,-0.70188415,0.31642818,-0.27916542
1523211840660,-0.784351,0.49357912,-0.15821409
1523211840667,-0.70005155,0.54733527,-0.0580322
1523211840678,-0.4642576,0.4990769,0.08124508
1523211840686,-0.23457226,0.33292156,0.15149458
1523211840701,-0.047647487,0.054367006,0.15271631
1523211840709,0.028710667,-0.24190263,0.076358154
1523211840722,-0.005497787,-0.47708577,-0.04886922
1523211840730,-0.12950343,-0.59681535,-0.20463985
1523211840744,-0.16493362,-0.5626069,-0.31642818
1523211840753,-0.111177474,-0.57604593,-0.39828414
1523211840763,-0.045814894,-0.729984,-0.45020768
1523211840772,-0.044593163,-0.9285152,-0.49357912
1523211840790,-0.095294975,-1.1129965,-0.51007247
1523211840793,-0.18509217,-1.2400564,-0.49235737
1523211840803,-0.32436943,-1.3341297,-0.4147775
1523211840813,-0.48197266,-1.3939945,-0.2932153
1523211840825,-0.63285637,-1.3494014,-0.19547687
1523211840834,-0.8142834,-1.1313224,-0.2406809
1523211840849,-1.0421361,-0.79779,-0.3567453
1523211840853,-1.2968669,-0.49602258,-0.49113566
1523211840866,-1.5375478,-0.35918877,-0.73975784
1523211840874,-1.5528195,-0.40133846,-1.0812315
1523211840886,-1.359786,-0.4373795,-1.4043792
1523211840894,-1.1301007,-0.30604348,-1.5118915
1523211840916,-1.0158689,-0.111177474,-1.3652838
1523211840920,-1.0372492,-0.1337795,-1.0531317
1523211840927,-1.1252137,-0.62125,-0.72143185
1523211840936,-0.9963212,-1.3860532,-0.5308419
1523211840946,-0.6921103,-1.9071213,-0.589485
1523211840954,-0.54733527,-1.736079,-1.1404854
1523211840968,-0.59559363,-1.241889,-1.9291124
1523211840974,-0.6261369,-0.9969321,-2.3677137
1523211840986,-0.5522222,-1.0684034,-2.3774874
1523211841000,-0.46975538,-1.2302825,-2.112372
1523211841011,-0.49968776,-1.2852604,-1.6749926
1523211841016,-0.7141015,-1.078788,-1.2076806
1523211841029,-1.0115929,-0.6401868,-0.89552844
1523211841037,-1.2742649,-0.32925636,-0.63224554
1523211841048,-1.3848315,-0.22113322,-0.38789943
1523211841057,-1.237613,-0.45020768,-0.17898351
1523211841068,-0.88331115,-0.9108001,0.0018325958
1523211841079,-0.52290064,-1.1679744,0.09896017
1523211841089,-0.22113322,-1.1441506,0.10995574
1523211841093,0.0036651916,-0.8735373,0.052534413
1523211841105,0.18325958,-0.57787853,-0.02565634
1523211841114,0.34330627,-0.4990769,-0.0018325958
1523211841126,0.45142943,-0.5015204,0.15577064
1523211841137,0.5326745,-0.3921755,0.3933972
1523211841150,0.5839872,-0.16615535,0.6432411
1523211841155,0.6236934,0.116675265,0.91324353
1523211841166,0.6395759,0.41538838,1.133155
1523211841174,0.68111473,0.6450737,1.3475688
1523211841190,0.7641924,0.8436049,1.5497651
1523211841195,0.8894198,0.93218035,1.7287487
1523211841204,1.0519099,0.75808376,1.8258762
1523211841212,1.1856894,0.25717425,1.7556267
1523211841223,1.2162327,-0.48624873,1.5662584
1523211841234,1.1441506,-1.3432927,1.2663237
1523211841244,0.9914343,-2.1252003,0.8790351
1523211841252,0.71776664,-2.6627617,0.42821655
1523211841264,0.42149702,-2.5815165,0.08857546
1523211841273,0.17165314,-1.8228219,-0.11362094
1523211841284,0.21319197,-0.788627,-0.1386664
1523211841293,0.47036624,0.1563815,-0.12889257
1523211841304,0.7470882,0.7189884,-0.14172074
1523211841313,0.9663888,1.0641272,-0.07819075
1523211841324,1.0048733,1.3231341,0.05497787
1523211841334,0.8564331,1.6218473,0.19486602
1523211841345,0.64996064,1.6933185,0.17104226
1523211841354,0.46486846,1.5100589,0.053145275
1523211841365,0.24251351,1.2186762,-0.08674286
1523211841375,-0.0018325958,1.0036516,-0.12522738
1523211841386,-0.16493362,0.9669997,-0.04337143
1523211841395,-0.12034045,1.1099422,0.10445796
1523211841406,0.103847094,1.246776,0.28099802
1523211841416,0.36896262,1.1863003,0.47342056
1523211841429,0.52534413,0.8014552,0.66523224
1523211841435,0.6224717,0.3268129,0.91507614
1523211841449,0.7440339,0.0983493,1.0439687
1523211841458,0.93279123,0.25167647,0.9083566
1523211841471,0.96944314,0.42394048,0.6774496
1523211841478,0.8698721,0.5015204,0.4783075
1523211841494,0.70616025,0.5748242,0.3744604
1523211841498,0.49846604,0.6927212,0.24007004
1523211841511,0.27672195,0.5174029,0.03970624
1523211841518,0.23823744,-0.5705481,-0.24373524
1523211841531,-0.07696902,-1.1074986,-0.6444628
1523211841538,-0.17348573,-0.8943067,-0.7959574
1523211841550,0.11484267,-0.6218608,-0.8717047
1523211841558,0.57360244,-0.26450464,-0.86437434
1523211841571,0.95478237,0.3921755,-0.679893
1523211841578,1.1325442,1.3616186,-0.37873647
1523211841593,1.119716,2.1563544,-0.084910266
1523211841597,1.0476339,2.5320365,0.10873401
1523211841611,0.9443977,2.3817637,0.3023783
1523211841619,0.7098254,1.8802432,0.4428773
1523211841630,0.4007276,1.3561208,0.43676865
1523211841638,0.049480084,0.788627,0.33841935
1523211841650,-0.11789699,0.40683624,0.34269542
1523211841658,-0.09101892,0.26816985,0.49480084
1523211841671,0.10445796,0.32803464,0.679893
1523211841678,0.3652974,0.7086037,0.73548174
1523211841691,0.5558874,1.4086553,0.58276546
1523211841699,0.60231316,2.2021692,0.321926
1523211841711,0.5002986,2.4740043,0.13622294
1523211841721,0.31337386,2.0280726,0.10140363
1523211841733,0.18936823,1.3591752,0.1423316
1523211841740,0.11301007,0.7611381,0.18509217
1523211841751,0.089186326,0.5369505,0.20158553
1523211841760,0.069027774,0.5412266,0.19608775
1523211841772,0.032986723,0.63041294,0.16249016
1523211841779,0.0,0.7305948,0.10995574
1523211841793,-0.05375614,0.81306165,0.08002335
1523211841800,-0.10629055,0.84665924,0.08124508
1523211841812,-0.13133603,0.8558222,0.08979719
1523211841820,-0.119729586,0.8032878,0.1142318
1523211841833,-0.032375857,0.7165449,0.15088372
1523211841841,0.09468412,0.6872234,0.2003638
1523211841854,0.21013765,0.6951646,0.25350907
1523211841861,0.2669481,0.6420194,0.28771752
1523211841874,0.27366763,0.45570546,0.31948254
1523211841881,0.21197024,0.18875736,0.39461896
1523211841893,0.07574729,-0.10323623,0.4654793
1523211841899,-0.06291912,-0.22418754,0.50579643
1523211841912,-0.19486602,-0.2144137,0.4569272
1523211841921,-0.33292156,-0.17654006,0.3359759
1523211841934,-0.47219884,-0.15454891,0.19364429
1523211841940,-0.56382865,-0.19181168,0.124005646
1523211841953,-0.59742624,-0.26328292,0.12705997
1523211841960,-0.58093286,-0.35369098,0.1966986
1523211841971,-0.58459806,-0.4288274,0.31215215
1523211841979,-0.69027776,-0.5491679,0.41416663
1523211841991,-0.89919364,-0.6713409,0.39095375
1523211842001,-1.1099422,-0.7666359,0.28893927
1523211842013,-1.2803736,-0.7684685,0.124005646
1523211842021,-1.2834278,-0.7800749,-0.3145956
1523211842034,-1.1905763,-0.72021013,-0.77457714
1523211842041,-1.1765264,-0.40439278,-1.1172725
1523211842053,-1.2492194,-0.004886922,-1.3017539
1523211842060,-1.3646729,0.24617869,-1.4062119
1523211842074,-1.4501941,0.18325958,-1.4569136
1523211842080,-1.3927728,-0.19547687,-1.4453071
1523211842093,-1.1850786,-0.66523224,-1.3756685
1523211842102,-0.9779953,-0.82650065,-1.2412782
1523211842113,-0.91629785,-0.4813618,-1.1270463
1523211842122,-0.9828822,0.1600467,-1.0684034
1523211842141,-1.0836749,0.61636305,-1.105666
1523211842144,-1.1734722,0.8258898,-1.2504412
1523211842155,-1.1893547,0.73975784,-1.4495832
1523211842163,-1.1478158,0.49602258,-1.676825
1523211842175,-1.1233811,0.21319197,-1.8759671
1523211842183,-1.1307116,-0.13316862,-2.0140228
1523211842195,-1.1630874,-0.50579643,-2.0189097
1523211842201,-1.1520919,-0.7275405,-1.9443841
1523211842213,-1.0842859,-0.7648033,-1.7941113
1523211842222,-0.9285152,-0.72021013,-1.6285667
1523211842233,-0.66889745,-0.6750061,-1.455081
1523211842242,-0.4428773,-0.6768387,-1.2999213
1523211842254,-0.27550024,-0.76174897,-1.1368202
1523211842261,-0.17898351,-0.96944314,-0.9767735
1523211842273,-0.12767084,-1.2253957,-0.8246681
1523211842281,-0.077579886,-1.4489723,-0.6951646
1523211842293,-0.04642576,-1.5711454,-0.5815437
1523211842301,0.0030543262,-1.6102408,-0.46792278
1523211842313,0.07086037,-1.5662584,-0.36041048
1523211842321,0.21074851,-1.4856243,-0.23151793
1523211842333,0.4111123,-1.3994923,-0.10873401
1523211842341,0.6554584,-1.3176364,0.0580322
1523211842352,0.8863655,-1.105666,0.2302962
1523211842361,1.119716,-0.77518797,0.38362336
1523211842373,1.3970488,-0.45081854,0.5503896
1523211842381,1.6340646,-0.30787608,0.66767573
1523211842392,1.8484782,-0.28771752,0.77579886
1523211842401,1.967597,-0.34330627,0.89675015
1523211842412,1.9651535,-0.40439278,1.0476339
1523211842421,1.817935,-0.44715336,1.1630874
1523211842432,1.627345,-0.4288274,1.1612549
1523211842441,1.3665055,-0.45631635,1.0024298
1523211842453,0.8717047,-0.9095783,0.7171558
1523211842462,0.042760566,-1.9016235,0.39461896
1523211842474,-0.8588765,-2.4471262,-0.008552114
1523211842481,-1.4129313,-1.9932534,-0.6407976
1523211842492,-1.7140878,-0.7996226,-1.4905112
1523211842501,-1.5155567,0.5345071,-2.0415115
1523211842513,-0.77579886,1.704314,-1.8777997
1523211842521,-0.059864793,2.3432791,-1.1386528
1523211842533,0.41172317,2.5595255,-0.027488936
1523211842542,0.63346726,2.4642303,1.1545353
1523211842553,0.65057147,2.2009475,2.084883
1523211842561,0.34208453,1.6212363,2.6847527
1523211842574,0.028099801,0.97066486,2.6731462
1523211842583,-0.056199603,0.38973203,2.103209
1523211842597,-0.017715093,0.13133603,1.0512991
1523211842601,0.043982297,0.34391713,-0.10751228
1523211842613,0.16126843,0.6072,-0.8686504
1523211842622,0.33658674,0.6065892,-0.9486737
1523211842646,0.54733527,0.42638394,-0.6640105
1523211842650,0.84299403,-0.019547688,-0.22113322
1523211842662,1.1710287,-0.77274454,0.27183503
1523211842664,1.5338826,-1.609019,0.8698721
1523211842674,1.6646078,-1.382388,1.314582
1523211842683,1.5528195,-0.008552114,1.4306464
1523211842695,1.105666,1.5137241,1.10139
1523211842702,0.55955255,2.1679606,0.62125
1523211842714,0.41599923,1.2443326,0.061086524
1523211842723,0.6291912,0.26939157,-0.29260445
1523211842734,0.8588765,0.07147124,-0.26328292
1523211842742,0.98471475,0.5198463,0.08002335
1523211842754,1.006095,1.2119566,0.5131268
1523211842768,0.9462303,1.8613064,0.89919364
1523211842781,0.88514376,2.1239784,1.0574077
1523211842785,0.8216137,2.0341814,1.0390818
1523211842801,0.7965683,1.6328428,0.8949176
1523211842804,0.79717916,0.9859365,0.7312057
1523211842817,0.78984874,0.15271631,0.6035349
1523211842825,0.7855727,-0.3286455,0.5589417
1523211842837,0.80573124,-0.14172074,0.50885075
1523211842845,0.8472701,0.81183994,0.45265114
1523211842860,0.9083566,1.7531832,0.39584067
1523211842864,0.9309586,2.230269,0.3622431
1523211842878,0.8863655,2.062892,0.33414328
1523211842885,0.79534656,1.5766432,0.34269542
1523211842897,0.6921103,1.0311406,0.38362336
1523211842905,0.6603453,0.56688297,0.42394048
1523211842918,0.68783426,0.36896262,0.44165558
1523211842925,0.7648033,0.33292156,0.44348818
1523211842937,0.8081747,0.2864958,0.4361578
1523211842945,0.79779,0.17348573,0.4184427
1523211842957,0.6994407,0.08552113,0.40622538
1523211842966,0.50701815,0.084910266,0.40561453
1523211842978,0.33475417,0.1282817,0.39706242
1523211842985,0.20280726,0.06719518,0.38423425
1523211842997,0.10323623,-0.17715092,0.36041048
1523211843006,0.07147124,-0.59498274,0.34880406
1523211843017,0.12034045,-0.91874135,0.34513888
1523211843026,0.23151793,-1.0140363,0.35308012
1523211843038,0.31581733,-0.8558222,0.34147367
1523211843046,0.31398472,-0.61636305,0.3145956
1523211843060,0.2284636,-0.4129449,0.25228736
1523211843069,0.112399206,-0.2932153,0.16982053
1523211843078,-0.027488936,-0.3042109,0.1441642
1523211843088,-0.13500121,-0.48258355,0.19792034
1523211843101,-0.22052236,-0.6743952,0.21685717
1523211843111,-0.3408628,-0.8894198,0.15515977
1523211843119,-0.46731192,-1.0848967,0.015271631
1523211843128,-0.5839872,-1.1679744,-0.18997909
1523211843139,-0.7715228,-1.0641272,-0.45875978
1523211843147,-1.0586295,-0.8454375,-0.7293731
1523211843158,-1.5381587,-0.6188065,-1.0024298
1523211843170,-2.13925,-0.4746423,-1.2541064
1523211843178,-2.6175575,-0.32559118,-1.4404203
1523211843188,-2.8808405,-0.16554448,-1.541213
1523211843199,-2.8325822,-0.12950343,-1.5699236
1523211843207,-2.552806,-0.11911872,-1.5460999
1523211843218,-2.1771238,-0.080634214,-1.3567317
1523211843227,-1.8460348,-0.17104226,-0.9077458
1523211843239,-1.8741345,-0.44532076,-0.45937067
1523211843250,-2.3115141,-0.67256266,-0.23701571
1523211843259,-2.7733283,-0.52534413,-0.258396
1523211843269,-3.0066788,-0.21746802,-0.62125
1523211843280,-3.0543263,0.10751228,-1.5082263
1523211843288,-2.8900034,0.25717425,-2.543643
1523211843299,-2.5399778,0.13744467,-2.7763824
1523211843308,-2.0567832,-0.20830505,-2.543032
1523211843320,-1.5790867,-0.7611381,-2.3475552
1523211843328,-1.2253957,-1.3090842,-2.3200662
1523211843339,-1.0146471,-1.5974126,-2.3903158
1523211843352,-0.9211848,-1.6468927,-2.4367414
1523211843361,-0.8356637,-1.6719382,-2.4080307
1523211843368,-0.6945538,-1.7763962,-2.3145685
1523211843381,-0.5216789,-1.9504927,-2.1019874
1523211843389,-0.258396,-2.1111503,-1.8081611
1523211843401,0.06658431,-2.1319196,-1.3744467
1523211843409,0.48502702,-1.9370537,-0.8362745
1523211843420,0.89980453,-1.4990633,-0.23273966
1523211843429,1.1685852,-0.6792821,0.35246924
1523211843440,1.1759156,0.08674286,0.74097955
1523211843449,1.1050552,0.52473325,1.069625
1523211843460,0.906524,0.7476991,1.4056009
1523211843469,0.8020661,0.23518312,1.5198327
1523211843481,0.78984874,-0.23090707,1.6200147
1523211843489,0.83077675,-0.35369098,1.7837266
1523211843500,0.8753699,-0.2180789,1.9364429
1523211843510,0.96577793,-0.13316862,2.0744984
1523211843519,1.0720685,-0.29749137,2.2235496
1523211843530,1.2205088,-0.77274454,2.4141395
1523211843540,1.4019357,-1.3768903,2.5033257
1523211843550,1.4666874,-1.5650368,2.3689353
1523211843559,1.3720033,-1.219287,1.9126191
1523211843569,1.1453724,-0.3848451,1.2205088
1523211843580,0.8167268,0.66523224,0.45814893
1523211843590,0.50823987,1.4495832,0.02687807
1523211843601,0.26145032,2.1612413,-0.16920967
1523211843612,0.07880162,2.924212,-0.15699236
1523211843620,-0.032986723,3.6138787,-0.039095376
1523211843629,-0.13805555,3.9474113,0.1563815
1523211843640,-0.23640485,3.436117,0.41233405
1523211843649,0.025045475,1.6829338,0.7696902
1523211843659,0.66767573,-0.2302962,0.9505063
1523211843669,1.2797627,-0.947452,0.9120218
1523211843680,1.4660766,-0.8472701,0.7476991
1523211843690,1.1600331,-0.19242255,0.36041048
1523211843702,0.7996226,0.38728857,-0.3213151
1523211843711,0.48808134,0.5131268,-1.1655309
1523211843722,0.14844026,0.19120082,-1.890017
1523211843731,-0.50640726,-0.24923302,-2.3640485
1523211843741,-1.1209377,-0.5381723,-2.270586
1523211843755,-1.1838568,-0.84116143,-1.4483615
1523211843762,-0.72265357,-0.7305948,-0.37568212
1523211843773,-0.03970624,-0.09468412,0.4990769
1523211843785,0.43982297,0.47219884,0.6792821
1523211843793,0.73548174,0.7861836,0.54611355
1523211843803,0.820392,0.8014552,0.3200934
1523211843813,0.7367035,0.36713,0.17348573
1523211843823,0.62796944,-0.42821655,0.1563815
1523211843833,0.5503896,-1.3603969,0.29016098
1523211843844,0.602924,-1.785559,0.5039638
1523211843854,0.81183994,-1.6053538,0.73364913
1523211843864,1.0256428,-1.0800097,0.80878556
1523211843874,1.1887437,-0.4990769,0.75686204
1523211843885,1.2492194,0.0036651916,0.5992588
1523211843894,1.1893547,0.3408628,0.38912117
1523211843904,0.9816604,0.48747048,0.15027285
1523211843914,0.7330383,0.4202753,-0.025045475
1523211843925,0.46670106,0.14110987,-0.13683382
1523211843937,0.18936823,-0.20891592,-0.21624629
1523211843944,-0.07513642,-0.42638394,-0.31031954
1523211843953,-0.33475417,-0.48624873,-0.38912117
1523211843964,-0.5552765,-0.40011674,-0.41538838
1523211843973,-0.70432764,-0.19792034,-0.3622431
1523211843984,-0.77640975,-0.02687807,-0.25534168
1523211843994,-0.8051204,0.15393804,-0.04337143
1523211844005,-0.77640975,0.3848451,0.22235495
1523211844014,-0.6401868,0.5174029,0.42394048
1523211844026,-0.46120325,0.5381723,0.59742624
1523211844034,-0.34391713,0.60231316,0.72387534
1523211844045,-0.3115413,0.70066243,0.8063421
1523211844055,-0.32620203,0.70554936,0.86926126
1523211844065,-0.3494149,0.6621779,0.8735373
1523211844075,-0.37384954,0.63041294,0.75747293
1523211844085,-0.44104472,0.602924,0.47219884
1523211844095,-0.5693264,0.4972443,-0.048258353
1523211844108,-0.79045963,0.33841935,-0.56688297
1523211844116,-1.0274754,0.11728613,-1.0403035
1523211844127,-1.1734722,-0.312763,-1.5265522
1523211844137,-1.1264355,-0.8350528,-2.0341814
1523211844148,-1.001819,-1.0091494,-2.606562
1523211844157,-1.1282681,-0.68294734,-3.0500503
1523211844169,-1.3371841,-0.3652974,-3.1306844
1523211844179,-1.4996742,-0.6743952,-2.7812696
1523211844191,-1.4135422,-1.599856,-2.13925
1523211844200,-1.0781772,-2.2363777,-1.3261884
1523211844212,-0.675617,-2.0622811,-0.462425
1523211844222,-0.65057147,-1.1899655,-0.032986723
1523211844233,-0.90469146,-0.069027774,-0.070249505
1523211844245,-1.0934488,0.7098254,-0.46792278
1523211844254,-0.98837996,0.72204274,-0.9682214
1523211844265,-0.6939429,0.21380283,-1.1191051
1523211844274,-0.38240165,-0.19486602,-1.0403035
1523211844281,-0.19608775,-0.2706133,-0.9334021
1523211844293,-0.1685988,-0.021380283,-0.88086766
1523211844302,-0.19120082,0.20830505,-0.8546005
1523211844313,-0.19364429,0.20097467,-0.8032878
1523211844323,-0.13561209,-0.09712757,-0.6951646
1523211844333,-0.06047566,-0.55771995,-0.50823987
1523211844342,-0.02076942,-0.9101892,-0.26450464
1523211844352,-0.015271631,-0.95233893,-0.022602014
1523211844363,-0.005497787,-0.7892379,0.1160644
1523211844372,0.04886922,-0.5693264,0.22785273
1523211844382,0.17470746,-0.38423425,0.3640757
1523211844403,0.3659083,-0.23273966,0.55771995
1523211844415,0.56138515,-0.086132,0.75747293
1523211844419,0.7556403,0.03604105,0.95905846
1523211844425,0.95111716,0.1881465,1.1624765
1523211844433,1.1374311,0.3622431,1.3842206
1523211844442,1.3432927,0.5662721,1.6670512
1523211844454,1.4880677,0.73426,1.9230038
1523211844463,1.6175711,0.7507534,2.1282544
1523211844475,1.6896533,0.59986967,2.225382
1523211844485,1.7110336,0.24007004,2.1887302
1523211844496,1.6328428,-0.43066,2.0073032
1523211844506,1.4630222,-1.1410962,1.7397442
1523211844516,1.2290609,-1.758681,1.3884968
1523211844526,0.915687,-2.166739,0.9963212
1523211844536,0.5503896,-2.2883012,0.62125
1523211844547,0.29932398,-1.9236146,0.3304781
1523211844557,0.19792034,-0.73426,0.08307768
1523211844567,0.29016098,0.8014552,-0.13805555
1523211844579,0.5626069,2.4416285,-0.33964106
1523211844588,0.79351395,3.317609,-0.46670106
1523211844598,0.9059132,3.5185838,-0.50335294
1523211844607,0.80939645,3.200934,-0.37812558
1523211844617,0.56016344,2.552806,-0.1423316
1523211844629,0.14844026,1.7690657,0.18753563
1523211844638,-0.267559,0.9944886,0.5296202
1523211844648,-0.35369098,0.3390302,0.9272934
1523211844658,-0.15699236,0.3494149,1.0928379
1523211844667,0.02687807,0.73853606,1.0231993
1523211844677,0.069027774,1.128879,0.883922
1523211844687,-0.04886922,1.3970488,0.71776664
1523211844698,-0.17959438,1.3897184,0.4605924
1523211844708,-0.19975294,0.9627236,0.13683382
1523211844719,-0.13194689,0.23823744,-0.30176744
1523211844729,-0.065973446,-0.3640757,-0.7984009
1523211844739,0.12767084,-0.014049901,-1.2754866
1523211844748,0.8008443,0.34574974,-1.7831156
1523211844769,0.9456194,1.1129965,-2.122146
1523211844781,0.52839845,1.5351044,-1.9608774
1523211844789,0.048258353,1.4202617,-1.3732251
1523211844801,-0.26939157,0.8588765,-0.70616025
1523211844808,-0.41050145,0.16554448,-0.06291912
1523211844814,-0.27366763,-0.28588495,0.40439278
1523211844818,0.11301007,-0.37201694,0.75441855
1523211844826,0.57787853,-0.14721853,0.99265605
1523211844836,1.0818423,0.06169739,1.0482447
1523211844847,1.4312572,-0.010995574,0.9651671
1523211844857,1.3616186,-0.35369098,0.9108001
1523211844869,0.93523467,-0.6646214,1.0012082
1523211844879,0.57543504,-0.6914995,0.93523467
1523211844888,0.35979962,-0.48075095,0.6780604
1523211844899,0.34025195,-0.095294975,0.36041048
1523211844908,0.49235737,0.37812558,0.062308256
1523211844919,0.7360926,0.870483,-0.17654006
1523211844931,0.81061816,1.006095,-0.30604348
1523211844940,0.6230826,0.75991637,-0.36468655
1523211844950,0.19853121,0.42577308,-0.36163223
1523211844961,-0.26450464,0.31337386,-0.2565634
1523211844971,-0.61391956,0.4202753,-0.05681047
1523211844981,-0.70371675,0.57360244,0.116675265
1523211844994,-0.65484756,0.7305948,0.19914207
1523211845002,-0.6261369,0.929126,0.19242255
1523211845013,-0.6230826,1.0372492,0.20463985
1523211845021,-0.6206391,0.8564331,0.34880406
1523211845031,-0.58459806,0.5119051,0.49418998
1523211845041,-0.48747048,0.14172074,0.59986967
1523211845051,-0.3567453,-0.14782938,0.65668017
1523211845062,-0.17104226,-0.35185838,0.5748242
1523211845071,-0.018936822,-0.36835176,0.35918877
1523211845083,0.07147124,-0.0720821,0.010995574
1523211845095,-0.01038471,0.5308419,-0.31764993
1523211845104,-0.12644911,0.9969321,-0.45448375
1523211845114,-0.22540927,1.0775663,-0.42638394
1523211845122,-0.2657264,0.6627888,-0.30176744
1523211845133,-0.34330627,-0.1704314,-0.10751228
1523211845144,-0.49663344,-0.98349303,-0.005497787
1523211845153,-0.71593404,-1.5406022,-0.22235495
1523211845170,-0.86926126,-1.6420058,-0.70921457
1523211845178,-0.9969321,-1.4483615,-1.3298537
1523211845186,-1.1129965,-1.196685,-1.777007
1523211845195,-1.2327261,-1.0341948,-2.0616703
1523211845207,-1.3286319,-0.84482664,-2.1105394
1523211845216,-1.3811663,-0.68294734,-1.8417587
1523211845225,-1.3695599,-0.6713409,-1.3029755
1523211845235,-1.2797627,-0.77213365,-0.6041457
1523211845243,-1.1618657,-0.88514376,0.12339478
1523211845253,-1.1026118,-0.91813046,0.766025
1523211845263,-1.1398746,-0.82650065,0.97005403
1523211845273,-1.169807,-0.535118,0.8191703
1523211845287,-1.1087204,-0.06963864,0.3268129
1523211845295,-0.86315256,0.4184427,-0.32559118
1523211845304,-0.47952923,0.7874053,-0.820392
1523211845314,-0.15515977,0.874759,-1.0983357
1523211845324,0.018325957,0.81245077,-1.2742649
1523211845335,0.016493361,0.5858198,-1.3542882
1523211845348,-0.061086524,0.19975294,-1.3469579
1523211845357,-0.14905111,-0.4147775,-1.2712106
1523211845368,-0.18448131,-0.9816604,-1.1349876
1523211845377,-0.18081611,-1.4330899,-0.9059132
1523211845388,-0.14660765,-1.7458528,-0.62125
1523211845403,-0.09285152,-1.9089539,-0.31887165
1523211845407,-0.014049901,-1.9364429,0.017715093
1523211845415,0.049480084,-1.7739527,0.27977628
1523211845425,0.09896017,-1.3884968,0.5045747
1523211845434,0.13439035,-0.9034697,0.6908886
1523211845444,0.16371189,-0.44409904,0.8417723
1523211845454,0.16676621,-0.09896017,1.0054842
1523211845465,0.15210545,0.012217305,1.1215485
1523211845474,0.17165314,-0.05375614,1.201572
1523211845484,0.2657264,-0.21319197,1.2315043
1523211845494,0.47769663,-0.3182608,1.215011
1523211845505,0.784351,-0.24923302,1.1630874
1523211845514,1.1068878,-0.1020145,1.1178834
1523211845527,1.4239268,-0.007330383,1.0940597
1523211845537,1.65911,-0.034208454,1.069625
1523211845549,1.7232509,-0.25411993,0.9718866
1523211845564,1.600467,-0.56138515,0.8032878
1523211845572,1.3274102,-0.86742866,0.589485
1523211845581,0.93462384,-1.0928379,0.38545597
1523211845590,0.42760566,-1.1276573,0.21135938
1523211845598,-0.14110987,-0.8582657,0.065973446
1523211845609,-0.3640757,-0.30848694,-0.0036651916
1523211845622,-0.29260445,0.44226643,-0.06658431
1523211845628,-0.058643065,1.183246,-0.11301007
1523211845637,0.17104226,1.690875,-0.15332718
1523211845648,0.3023783,1.9547688,-0.14355333
1523211845657,0.2968805,2.0274618,-0.051923547
1523211845670,0.17104226,1.8533652,0.12034045
1523211845681,0.076358154,1.496009,0.29443705
1523211845690,0.13927728,1.1337659,0.4251622
1523211845700,0.3903429,0.7556403,0.5381723
1523211845709,0.7318166,0.37140608,0.65240407
1523211845719,1.1233811,0.015882496,0.85154617
1523211845730,1.4043792,0.037873644,0.8875872
1523211845739,1.3860532,0.44348818,0.7611381
1523211845751,1.1710287,0.8900307,0.56382865
1523211845767,0.8405506,0.91629785,0.39706242
1523211845774,0.4569272,0.6780604,0.17898351
1523211845779,0.15271631,0.53023106,-0.03970624
1523211845788,-0.03726278,0.39828414,-0.2144137
1523211845797,-0.1777618,0.25534168,-0.44898596
1523211845808,-0.6395759,0.5992588,-0.77457714
1523211845817,-0.9034697,1.0793989,-0.9584476
1523211845828,-0.6743952,1.2027937,-0.788627
1523211845838,-0.19608775,1.2119566,-0.40011674
1523211845848,0.21074851,1.455081,-0.059864793
1523211845860,0.4373795,1.8741345,0.103847094
1523211845869,0.49113566,2.1270328,0.081855945
1523211845879,0.4147775,1.9578232,0.027488936
1523211845890,0.27916542,1.3805555,0.16676621
1523211845899,-0.30482176,0.5161811,0.7318166
1523211845911,-2.2504275,-2.964529,1.16492
1523211845921,-1.9285016,-4.990769,1.5540411
1523211845931,-0.2932153,-3.522249,1.4575244
1523211845942,1.3371841,-0.18875736,1.0122037
1523211845952,1.9663752,2.6041186,0.37323865
1523211845960,1.8161024,4.1966443,-0.09896017
1523211845972,1.2895365,4.454429,-0.3830125
1523211845980,0.86254174,3.8276815,-0.3903429
1523211845992,0.5681047,2.6762006,-0.18692477
1523211846002,0.47158796,1.4996742,0.064751714
1523211846013,0.46792278,0.46670106,0.2602286
1523211846023,0.4569272,-0.19730948,0.27550024
1523211846033,0.40744713,-0.32498032,0.11728613
1523211846043,0.34697145,-0.039095376,-0.108123146
1523211846054,0.30970868,0.53878313,-0.35002577
1523211846064,0.27672195,1.0128145,-0.42760566
1523211846074,0.23090707,1.1795808,-0.41416663
1523211846084,0.14294247,0.9584476,-0.34880406
1523211846097,0.053145275,0.37384954,-0.2125811
1523211846105,-0.012217305,-0.015882496,-0.028099801
1523211846115,-0.07147124,-0.19547687,0.1020145
1523211846125,-0.13805555,-0.2669481,0.10995574
1523211846135,-0.21624629,-0.38056904,0.051923547
1523211846142,-0.35430184,-0.3811799,0.009162978
1523211846154,-0.48075095,-0.07452556,0.06169739
1523211846163,-0.52473325,0.24312437,0.19547687
1523211846174,-0.4813618,0.32375857,0.33841935
1523211846183,-0.40317106,0.22540927,0.43982297
1523211846193,-0.36957347,0.03176499,0.39461896
1523211846204,-0.42455134,-0.11728613,0.20341812
1523211846215,-0.51068336,-0.25167647,-0.02443461
1523211846227,-0.6017023,-0.4092797,-0.27855456
1523211846238,-0.6872234,-0.58093286,-0.5021312
1523211846249,-0.8167268,-0.7495316,-0.7165449
1523211846255,-0.99265605,-0.9120218,-0.89858276
1523211846264,-1.0732902,-1.1410962,-1.0494665
1523211846275,-1.0085385,-1.6132951,-1.1435398
1523211846284,-0.9957104,-2.0879374,-1.1863003
1523211846295,-1.1844677,-2.1813998,-1.2394456
1523211846304,-1.568702,-1.690875,-1.3035865
1523211846314,-1.8894062,-0.90224797,-1.2760975
1523211846325,-2.0146337,-0.12034045,-1.0940597
1523211846337,-1.91323,0.20769419,-0.8491027
1523211846345,-1.6328428,0.13805555,-0.54428095
1523211846356,-1.2198979,-0.2864958,-0.11301007
1523211846365,-0.8381071,-0.80756384,0.2687807
1523211846375,-0.61453044,-1.2486086,0.5155703
1523211846385,-0.5852089,-1.4074335,0.36896262
1523211846395,-0.6310238,-1.2021828,-0.19364429
1523211846405,-0.5748242,-0.7770206,-0.9034697
1523211846416,-0.38240165,-0.40194935,-1.1355985
1523211846428,-0.122783914,-0.10323623,-1.17897
1523211846435,0.108123146,0.1563815,-1.1899655
1523211846445,0.23823744,0.27550024,-1.1808025
1523211846456,0.258396,0.2144137,-1.1545353
1523211846465,0.20586158,-0.029932396,-1.1044444
1523211846475,0.12461651,-0.4111123,-1.0519099
1523211846485,0.059253927,-0.8491027,-0.99021256
1523211846495,0.06780604,-1.2925909,-0.9138544
1523211846505,0.15882497,-1.7464638,-0.77274454
1523211846516,0.2724459,-2.0317378,-0.5522222
1523211846525,0.3640757,-2.1142046,-0.2742785
1523211846535,0.40683624,-1.9792033,0.019547688
1523211846545,0.44348818,-1.6530013,0.32375857
1523211846556,0.49541172,-1.3041973,0.54428095
1523211846567,0.5888741,-0.9492846,0.71959925
1523211846577,0.711658,-0.70249504,0.80573124
1523211846588,0.86926126,-0.47525316,0.8210029
1523211846599,0.9975429,-0.31337386,0.7703011
1523211846613,1.1038336,-0.16432275,0.6597345
1523211846622,1.1404854,-0.12705997,0.5540548
1523211846631,1.1459832,-0.3023783,0.5564982
1523211846643,1.1520919,-0.6554584,0.66339964
1523211846652,1.1368202,-1.0671816,0.8350528
1523211846663,1.0922271,-1.2944235,1.0164797
1523211846678,0.9896017,-1.1850786,1.1808025
1523211846685,0.85154617,-0.86254174,1.2321151
1523211846696,0.72143185,-0.5564982,1.1691961
1523211846702,0.58093286,-0.27550024,1.0073168
1523211846712,0.49235737,-0.03726278,0.81245077
1523211846720,0.48380527,0.122783914,0.5864306
1523211846729,0.41416663,0.19425514,0.3378085
1523211846743,0.16920967,0.46609017,0.10323623
1523211846751,-0.13133603,1.1441506,-0.018936822
1523211846758,-0.32498032,1.9688187,-0.05131268
1523211846773,-0.35430184,2.5289822,-0.07574729
1523211846779,-0.226631,2.6535985,-0.087964594
1523211846788,-0.036651913,2.4312437,-0.070249505
1523211846798,0.089186326,2.2492058,0.028099801
1523211846807,0.3115413,2.0506747,0.14110987
1523211846818,0.7257079,1.6096299,0.18203785
1523211846830,0.8772025,1.2883148,0.27183503
1523211846837,0.7318166,1.3854424,0.37995818
1523211846847,0.56688297,1.4001031,0.32559118
1523211846857,0.46303585,0.86132,0.108123146
1523211846867,0.47158796,-0.36835176,-0.14905111
1523211846878,0.6273586,-1.6756034,-0.4538729
1523211846887,0.8313876,-2.5857925,-0.81122905
1523211846897,0.94806284,-2.6328292,-1.0873401
1523211846907,0.5766568,-0.93034774,-1.1258247
1523211846917,0.2180789,1.5143349,-0.66889745
1523211846928,0.13744467,2.5485299,0.080634214
1523211846938,0.25473082,2.0830505,0.34330627
1523211846959,0.31948254,1.0757337,0.032375857
1523211846965,0.25350907,0.19730948,-0.38973203
1523211846975,0.048258353,-0.29932398,-0.5216789
1523211846984,-0.048258353,-0.43188173,-0.21624629
1523211846996,0.021380283,-0.32803464,0.21502456
1523211847004,0.19425514,-0.10567969,0.5852089
1523211847014,0.3463606,0.13133603,0.7837401
1523211847030,0.32559118,0.43188173,0.806953
1523211847038,0.10567969,0.91996306,0.6462954
1523211847044,-0.15393804,1.3976597,0.45020768
1523211847055,-0.37384954,1.7232509,0.3390302
1523211847068,-0.45937067,1.8173242,0.30482176
1523211847078,-0.38728857,1.6841555,0.32498032
1523211847083,-0.24923302,1.3396275,0.42638394
1523211847092,-0.105068825,1.0231993,0.5992588
1523211847102,-0.020158553,0.829555,0.8008443
1523211847112,-0.053145275,0.7672467,1.010982
1523211847123,-0.1966986,0.75686204,1.1081096
1523211847137,-0.36957347,0.7086037,1.1410962
1523211847150,-0.4196644,0.61941737,1.1490375
1523211847155,-0.3231477,0.46670106,1.1398746
1523211847161,-0.13988814,0.2125811,1.069625
1523211847171,0.08124508,-0.112399206,0.89919364
1523211847181,0.3042109,-0.44837508,0.68233645
1523211847191,0.44776422,-0.74036866,0.48502702
1523211847201,0.54428095,-1.0806206,0.32498032
1523211847211,0.5448918,-1.4330899,0.20647246
1523211847221,0.39950588,-1.7916678,0.15577064
1523211847236,0.21197024,-2.2052236,0.093462385
1523211847244,0.12950343,-2.475226,0.04153884
1523211847253,0.06291912,-2.6774223,0.04337143
1523211847263,-0.105068825,-2.8295279,0.08857546
1523211847273,-0.3494149,-2.9297097,0.093462385
1523211847283,-0.66889745,-2.8496864,0.035430185
1523211847293,-0.9914343,-2.7989845,-0.22174409
1523211847303,-1.2290609,-2.9040534,-0.54305923
1523211847313,-1.4092661,-2.928488,-0.7996226
1523211847322,-1.4984524,-2.7794368,-1.0341948
1523211847332,-1.5082263,-2.3487768,-1.2211196
1523211847342,-1.5039502,-1.8832976,-1.4025466
1523211847352,-1.4831808,-1.5088371,-1.6169603
1523211847362,-1.3994923,-1.3408492,-1.8228219
1523211847372,-1.2767084,-1.4141531,-1.9871446
1523211847381,-1.1337659,-1.6609426,-2.1025982
1523211847391,-0.9773844,-1.844813,-2.1539109
1523211847401,-0.7800749,-2.0861049,-2.1630738
1523211847411,-0.52595496,-2.5662448,-2.2235496
1523211847423,-0.31337386,-3.2821789,-2.4611762
1523211847432,-0.226631,-3.79836,-2.8411343
1523211847444,-0.27916542,-4.0958514,-3.3017266
1523211847453,-0.3659083,-4.194201,-3.6694674
1523211847464,-0.39400807,-4.2076397,-3.5057557
1523211847475,-0.33841935,-4.4758096,-2.764776
1523211847485,-0.2828306,-4.8392744,-2.026851
1523211847495,-0.27122417,-5.235726,-1.5833627
1523211847506,-0.25228736,-5.3560667,-1.2412782
1523211847515,-0.18997909,-5.162422,-0.91996306
1523211847526,-0.11301007,-4.795903,-0.6188065
1523211847538,0.016493361,-4.332867,-0.31215215
1523211847549,0.14721853,-3.9584067,-0.080634214
1523211847555,0.2883284,-3.659083,0.07696902
1523211847565,0.4147775,-3.4568865,0.16798794
1523211847575,0.5161811,-3.3597589,0.1863139
1523211847586,0.5992588,-3.3560936,0.13622294
1523211847595,0.70249504,-3.4275649,0.056199603
1523211847606,0.8417723,-3.5332446,-6.1086525E-4
1523211847615,1.0506883,-3.608381,-0.0012217305
1523211847627,1.2864822,-3.612657,0.0580322
1523211847636,1.4465289,-3.5295794,0.1685988
1523211847646,1.5357152,-3.2424726,0.32559118
1523211847656,1.6291776,-2.733011,0.5021312
1523211847667,1.7605137,-2.0616703,0.61391956
1523211847677,1.921782,-1.4074335,0.63407815
1523211847691,2.1197023,-0.9236283,0.61758476
1523211847697,2.193617,-0.81061816,0.68294734
1523211847706,1.9199494,-1.273654,0.8680395
1523211847716,0.5503896,-3.321885,1.0842859
1523211847729,-1.2308935,-6.1098742,1.0842859
1523211847736,-2.6309967,-7.6767435,0.7324274
1523211847748,-3.137404,-7.317555,0.28405234
1523211847757,-2.8454103,-5.287039,-0.29565877
1523211847767,-1.9010127,-2.0641136,-0.906524
1523211847777,-0.6768387,1.3054191,-1.3671165
1523211847788,0.61819565,3.6798522,-1.5882497
1523211847797,1.3139712,4.243681,-1.3335189
1523211847808,1.5088371,4.107458,-0.7263188
1523211847818,1.4648548,3.6297612,0.108123146
1523211847829,1.3249667,2.683531,1.2779301
1523211847838,1.0848967,0.96761054,2.3414464
1523211847853,0.70616025,-0.39095375,3.1343496
1523211847868,0.31642818,-0.65179324,3.3933563
1523211847876,-0.009773844,0.28588495,2.878397
1523211847883,-0.37201694,1.4874569,1.328021
1523211847887,-0.27183503,1.6029104,-0.7189884
1523211847896,0.047036625,0.83016586,-2.9113839
1523211847906,0.103847094,-0.0421497,-4.3780713
1523211847917,-0.073303826,-0.6609562,-4.860044
1523211847929,-0.19058995,-1.1612549,-4.7091603
1523211847939,-0.17287487,-1.5705346,-4.194201
1523211847952,0.062308256,-1.7947221,-3.6322048
1523211847965,0.5705481,-2.0415115,-2.9901853
1523211847972,1.2589933,-2.339614,-2.271197
1523211847982,1.949271,-2.4831672,-1.328021
1523211847990,2.2058344,-2.271808,-0.4447099
1523211847998,1.9620992,-1.6291776,0.18570304
1523211848008,1.4159856,-0.9114109,0.48441613
1523211848019,0.8906415,-0.58459806,0.6151413
1523211848030,0.6719518,-0.71776664,0.66156703
1523211848039,0.70554936,-1.0659598,0.6450737
1523211848053,0.9083566,-1.4544702,0.5687156
1523211848061,1.1655309,-1.6890424,0.5002986
1523211848077,1.2913691,-1.7104226,0.5015204
1523211848089,1.2925909,-1.7311921,0.54550266
1523211848095,1.1074986,-1.8661933,0.6273586
1523211848105,0.8454375,-2.1691825,0.7128797
1523211848111,0.65118235,-2.384207,0.7861836
1523211848119,0.5839872,-2.3780985,0.83077675
1523211848130,0.63224554,-2.1533,0.7770206
1523211848139,0.7538077,-1.7873917,0.6243043
1523211848150,0.88025683,-1.5076154,0.45448375
1523211848159,1.0128145,-1.3573426,0.3182608
1523211848173,1.1258247,-1.3084733,0.24007004
1523211848183,1.1765264,-1.2968669,0.23457226
1523211848195,1.1624765,-1.2895365,0.23579398
1523211848205,1.1154399,-1.3390167,0.20158553
1523211848213,1.0684034,-1.4587462,0.16249016
1523211848223,1.001819,-1.6707164,0.14294247
1523211848234,0.9425651,-1.9046779,0.14049901
1523211848243,0.86437434,-2.1453588,0.1441642
1523211848253,0.79779,-2.3548856,0.14844026
1523211848263,0.7470882,-2.42147,0.14355333
1523211848274,0.66889745,-2.3585508,0.13072516
1523211848284,0.5656612,-2.2883012,0.112399206
1523211848294,0.37568212,-2.2180517,0.053145275
1523211848303,0.1301143,-2.239432,-0.03848451
1523211848314,-0.13439035,-2.3677137,-0.13805555
1523211848325,-0.40011674,-2.5625796,-0.24190263
1523211848335,-0.6719518,-2.7299569,-0.344528
1523211848352,-0.9993755,-2.8393016,-0.49846604
1523211848361,-1.2846496,-2.7843237,-0.6774496
1523211848369,-1.5577064,-2.5228734,-0.9095783
1523211848375,-1.8338175,-2.1697934,-1.1924089
1523211848385,-2.0885482,-1.8796324,-1.4648548
1523211848402,-2.3139575,-1.668273,-1.709201
1523211848413,-2.439185,-1.5864171,-1.8735237
1523211848418,-2.3994787,-1.4715744,-1.9205604
1523211848424,-2.235767,-1.1722504,-1.781894
1523211848433,-1.9694295,-0.80573124,-1.3952162
1523211848442,-1.7061466,-0.7348709,-0.9456194
1523211848453,-1.4831808,-0.8680395,-0.67011917
1523211848464,-1.3518448,-1.0830641,-0.65179324
1523211848475,-1.3322971,-1.3402383,-1.0085385
1523211848487,-1.3970488,-1.5906931,-1.7623463
1523211848494,-1.500285,-1.8515326,-2.7000244
1523211848503,-1.5167783,-2.1636846,-3.245527
1523211848515,-1.4618006,-2.4251351,-3.500258
1523211848525,-1.3335189,-2.6572638,-3.5924985
1523211848534,-1.1313224,-2.8221974,-3.630372
1523211848543,-0.89369583,-3.091589,-3.6291504
1523211848554,-0.73548174,-3.4984252,-3.5417967
1523211848564,-0.69027776,-3.9199224,-3.3878586
1523211848575,-0.852157,-3.9956696,-3.1936035
1523211848593,-1.1301007,-3.8044686,-2.9590313
1523211848603,-1.3720033,-3.7189476,-2.6151142
1523211848617,-1.3952162,-3.749491,-2.2492058
1523211848624,-1.1777482,-3.6603045,-1.9553796
1523211848633,-0.8216137,-3.354872,-1.7996091
1523211848639,-0.48747048,-2.855795,-1.7989981
1523211848648,-0.226631,-2.144137,-1.9394971
1523211848656,-0.10567969,-1.400714,-2.1331415
1523211848665,-0.08307768,-0.6792821,-2.2681427
1523211848675,-0.10629055,-0.2125811,-2.3200662
1523211848684,-0.093462385,-0.095294975,-2.1838431
1523211848695,0.0018325958,-0.22785273,-1.9614882
1523211848705,0.111177474,-0.40133846,-1.7476854
1523211848715,0.27305678,-0.66767573,-1.5222762
1523211848724,0.50762904,-1.0042624,-1.2754866
1523211848739,0.83016586,-1.2980887,-0.9584476
1523211848750,1.1160508,-1.3634512,-0.6414085
1523211848757,1.3457361,-1.2803736,-0.34330627
1523211848767,1.4770721,-1.1117748,-0.073303826
1523211848774,1.5015068,-0.9254609,0.15699236
1523211848783,1.4776831,-0.69027776,0.37140608
1523211848794,1.4465289,-0.51068336,0.56077427
1523211848804,1.3891076,-0.3213151,0.7458665
1523211848814,1.2644911,-0.047036625,0.883922
1523211848824,0.9651671,0.40317106,0.88147855
1523211848835,0.29443705,1.1533136,0.3848451
1523211848844,0.35735616,1.5711454,-0.33169982
1523211848855,1.7238617,1.2840388,-0.10995574
1523211848866,2.6090055,1.0525209,0.66950834
1523211848878,2.4764478,0.97310835,1.396438
1523211848890,2.1539109,0.22113322,1.5589281
1523211848899,1.831374,-0.54367006,1.3066407
1523211848909,1.5906931,-1.0091494,0.8894198
1523211848922,1.2754866,-1.074512,0.45875978
1523211848931,0.9944886,-0.89552844,0.22235495
1523211848938,0.91751957,-0.66889745,0.2932153
1523211848948,1.133155,-0.27305678,0.8051204
1523211848957,1.4752395,0.17715092,1.3805555
1523211848965,1.8307631,0.61269784,1.7989981
1523211848975,2.058005,1.0965031,1.9657644
1523211848985,2.1154263,1.5607607,1.9193386
1523211848997,1.9346102,1.8307631,1.7256943
1523211849010,1.4520267,1.6517797,1.5167783
1523211849015,0.8961393,0.96883225,1.3023647
1523211849024,0.56382865,-0.015882496,1.1074986
1523211849035,0.5540548,-0.9755518,0.98654735
1523211849044,0.84482664,-1.3457361,0.9401216
1523211849055,1.2266175,-1.0348058,0.94989544
1523211849064,1.604743,-0.17959438,1.0177015
1523211849077,1.9358319,0.87598073,1.1301007
1523211849087,2.1606305,1.8527542,1.237613
1523211849098,2.1978931,2.3335052,1.3072516
1523211849108,2.0842721,2.3267858,1.3048081
1523211849118,1.8759671,1.7989981,1.2394456
1523211849128,1.6230689,0.86559606,1.1410962
1523211849138,1.2614367,-0.33964106,0.9841039
1523211849149,0.89552844,-1.2131784,0.79229224
1523211849158,0.5290093,-1.5851953,0.5546656
1523211849168,0.19303341,-1.4935656,0.35002577
1523211849178,-0.13927728,-1.1252137,0.23823744
1523211849188,-0.3622431,-0.6780604,0.22602014
1523211849199,-0.21868975,-0.3463606,0.24617869
1523211849210,0.18753563,0.044593163,0.24862215
1523211849223,0.57848936,0.61208695,0.2742785
1523211849230,0.83077675,1.3677273,0.30604348
1523211849235,0.8558222,1.8454239,0.31764993
1523211849244,0.766025,1.8802432,0.39278635
1523211849254,0.62125,1.5289958,0.539394
1523211849264,0.46609017,1.0085385,0.7452556
1523211849274,0.3811799,0.5626069,0.9401216
1523211849284,0.45631635,0.54061574,1.0036516
1523211849295,0.61269784,0.8167268,0.91996306
1523211849304,0.72387534,1.119716,0.74036866
1523211849314,0.70554936,1.2437216,0.5119051
1523211849324,0.4465425,1.0684034,0.27183503
1523211849334,0.08368854,0.65301496,0.1020145
1523211849356,-0.29443705,0.04520403,-0.029932396
1523211849369,-0.5723807,-0.66156703,-0.1282817
1523211849374,-0.71837753,-1.1924089,-0.2669481
1523211849378,-0.7996226,-1.432479,-0.4831944
1523211849388,-0.9615019,-1.2932017,-0.7831292
1523211849396,-1.2229522,-0.9633345,-1.10139
1523211849402,-1.5228871,-0.59620446,-1.4434745
1523211849414,-1.8283197,-0.28160888,-1.8716911
1523211849423,-1.9339994,-0.099571034,-2.2235496
1523211849436,-1.9010127,0.036651913,-2.4459045
1523211849445,-1.8002199,0.22479841,-2.489276
1523211849456,-1.7476854,0.5112942,-2.3695462
1523211849465,-1.7275269,0.8698721,-2.125811
1523211849478,-1.6627752,1.1203269,-1.881465
1523211849493,-1.5210545,1.1869112,-1.7061466
1523211849498,-1.3469579,0.97066486,-1.6554449
1523211849504,-1.2235631,0.42455134,-1.709201
1523211849515,-1.2156218,-0.46731192,-1.813048
1523211849524,-1.3329079,-1.2223413,-1.8765781
1523211849535,-1.5326608,-1.7159204,-1.926669
1523211849549,-1.7941113,-1.9847012,-2.022575
1523211849555,-2.175902,-2.0237966,-2.1875083
1523211849565,-2.5393667,-1.8118263,-2.3383923
1523211849575,-2.7995954,-1.428203,-2.4599543
1523211849585,-2.8411343,-0.97433007,-2.5515842
1523211849597,-2.641992,-0.5748242,-2.597399
1523211849608,-2.257147,-0.40622538,-2.584571
1523211849614,-1.9211712,-0.5522222,-2.5485299
1523211849625,-1.6566665,-0.91324353,-2.516154
1523211849634,-1.4660766,-1.3231341,-2.4642303
1523211849644,-1.3390167,-1.6475036,-2.3854287
1523211849654,-1.2748758,-1.8112154,-2.2382102
1523211849664,-1.2632693,-1.8961257,-2.0555615
1523211849674,-1.2333369,-1.8808541,-1.8484782
1523211849684,-1.1679744,-1.7244726,-1.6035212
1523211849698,-1.0763446,-1.4538593,-1.2974777
1523211849706,-0.96883225,-1.1459832,-0.9963212
1523211849717,-0.84604836,-1.0170907,-0.7122689
1523211849727,-0.657291,-1.0403035,-0.4709771
1523211849738,-0.35369098,-1.1563679,-0.27977628
1523211849747,0.122783914,-1.2260065,-0.07696902
1523211849758,0.602924,-1.1643091,0.1301143
1523211849766,1.0354166,-0.9767735,0.36102137
1523211849777,1.3732251,-0.6914995,0.61453044
1523211849786,1.6132951,-0.29016098,0.8491027
1523211849797,1.7672331,0.23518312,1.0629056
1523211849808,1.8387043,0.7330383,1.237613
1523211849817,1.9590448,1.2534955,1.3884968
1523211849826,2.1630738,1.7391334,1.4996742
1523211849838,2.162463,2.1649065,1.5460999
1523211849852,0.7171558,2.734233,1.4428637
1523211849858,-1.3640621,3.0164526,1.3994923
1523211849866,-0.7452556,1.4758505,1.5485435
1523211849878,1.1606439,0.37140608,1.4611896
1523211849889,3.2223141,1.5925257,1.3249667
1523211849898,3.1807754,2.634662,1.146594
1523211849904,2.3408356,2.239432,0.8002335
1523211849916,1.3054191,0.9828822,0.33658674
1523211849925,0.59620446,-0.22357668,0.073303826
1523211849936,0.30298916,-1.0965031,0.05681047
1523211849945,0.4025602,-1.350623,0.21624629
1523211849956,0.72692966,-0.60048056,0.46486846
1523211849972,1.0250319,0.67011917,0.8979719
1523211849979,1.1917981,1.6603317,1.486846
1523211849988,1.3384057,2.2149973,2.0207422
1523211850004,1.65911,2.5833492,2.1832323
1523211850020,2.2675319,2.7598891,2.1270328
1523211850025,2.453235,2.6774223,1.9040669
1523211850031,1.8759671,2.1203132,1.681712
1523211850036,0.8753699,0.90224797,1.4471397
1523211850046,-0.0067195175,-0.7641924,1.1441506
1523211850057,-0.28527406,-2.4233024,1.0054842
1523211850066,-0.15271631,-2.9669726,1.0158689
1523211850077,0.3115413,-2.2504275,1.1417072
1523211850086,0.9633345,-0.4636467,1.3536774
1523211850096,1.627345,1.7776178,1.6236799
1523211850106,2.0201313,3.1978796,1.8374827
1523211850117,2.1856759,3.8832703,2.0097466
1523211850126,2.107485,3.7971385,2.130698
1523211850137,1.8435913,3.0586023,2.1740694
1523211850146,1.4398094,1.6988163,2.0641136
1523211850157,1.0867293,0.44348818,1.8484782
1523211850170,0.72387534,-0.593761,1.4721853
1523211850180,0.36957347,-1.3219124,0.9810496
1523211850189,-0.03970624,-1.5693128,0.4428773
1523211850200,-0.36285394,-1.323745,0.13194689
1523211850211,-0.5216789,-0.8362745,-0.009162978
