1522476613765,-0.8810662,5.439626,8.973468
1522476613783,0.0,5.5162406,8.954314
1522476613803,1.0726024,5.2959743,8.255207
1522476613824,2.1164744,5.391742,8.054094
1522476613851,2.4420857,4.7405195,8.293514
1522476613863,1.0247183,5.4300494,8.6095495
1522476613883,0.6991069,5.133168,8.255207
1522476613903,2.8060043,4.5202527,8.178593
1522476613923,4.31914,4.1946416,7.297527
1522476613943,3.3423057,4.8362875,6.8665705
1522476613963,2.7868507,5.142745,8.619126
1522476613983,3.9264908,4.3957543,7.7093296
1522476614003,4.7979803,3.8019924,8.6574335
1522476614023,4.7309427,4.6830587,11.444284
1522476614043,4.606444,4.5681367,8.293514
1522476614063,4.9895163,4.146757,4.0414124
1522476614084,5.00867,4.3382936,5.9280434
1522476614103,4.0318356,4.4244847,6.6079965
1522476614123,4.6830587,2.930503,7.374141
1522476614144,3.8115692,3.514688,6.991069
1522476614163,4.4244847,3.7445314,7.52737
1522476614183,6.4260373,2.27928,8.590396
1522476614203,5.257667,3.122039,6.9527617
1522476614224,4.7405195,3.8498764,5.401319
1522476614243,5.2863975,3.5051112,5.765238
1522476614263,5.650316,2.9113493,6.5026517
1522476614283,6.253655,2.9496565,6.4068837
1522476614303,5.3821654,3.9743748,6.9719152
1522476614323,5.5162406,3.7349546,6.579266
1522476614343,5.5641246,3.3901896,6.6654577
1522476614363,8.571242,1.8866309,6.4164605
1522476614383,6.8569937,3.122039,8.772355
1522476614403,4.5777135,3.715801,3.2561142
1522476614423,3.8019924,5.21936,3.514688
1522476614443,8.00621,3.4572272,8.197746
1522476614463,8.063671,3.4572272,8.973468
1522476614483,9.346964,2.3750482,8.197746
1522476614503,10.208876,1.7525556,6.9048777
1522476614523,6.4164605,3.8019924,3.1890767
1522476614576,3.0454245,5.0661306,-2.3654714
1522476614579,1.2162545,3.7445314,3.0454245
1522476614583,2.882619,1.982399,7.1155677
1522476614634,13.254301,-2.0590134,8.695741
1522476614637,12.325351,-0.80445176,6.244078
1522476614643,10.362105,0.5554548,1.5514427
1522476614663,8.504205,2.3175871,3.1124623
1522476614683,5.363012,4.4819455,11.587936
1522476614703,7.8529816,4.0222588,8.552089
1522476614724,8.580819,2.920926,6.2823853
1522476614744,7.785944,3.217807,5.506664
1522476614763,7.1347213,2.4037786,5.056554
1522476614783,8.130709,2.4420857,5.1140146
1522476614803,10.266336,-4.8937483,1.7525556
1522476614823,8.868123,3.4859576,-0.92895025
1522476614843,10.065224,3.8594532,2.6048915
1522476614863,7.9870567,9.14585,1.2641385
1522476614883,6.215348,8.628703,-4.098873
1522476614903,9.605537,7.374141,-3.7924154
1522476614923,13.771448,5.391742,0.48841715
1522476614943,12.928689,4.7309427,-0.48841715
1522476614963,12.277467,3.9456444,-3.2273839
1522476614983,10.984597,3.7732618,-5.8705826
1522476615003,8.7053175,4.0222588,-6.83784
1522476615023,7.0485296,1.2354081,-6.9048777
1522476615113,2.7964275,-2.6623523,-5.707777
1522476615133,1.7525556,-2.6048915,-5.9663506
1522476615153,0.7469909,-2.2697031,-6.588843
1522476615173,1.3982137,-2.087744,-7.3071036
1522476615193,1.6184803,-0.78529817,-6.8091097
1522476615213,2.9592333,0.78529817,-6.6079965
1522476615233,3.1603463,1.2354081,-7.0581064
1522476615253,2.8443117,1.6280571,-6.9719152
1522476615273,3.6391866,-0.39264908,-6.5696893
1522476615293,3.7253778,4.012682,-6.8761473
1522476615313,3.7062242,4.7788267,-5.6790466
1522476615333,4.9224787,5.544971,-6.253655
1522476615353,5.1523223,5.6790466,-6.6654577
1522476615373,4.3861775,6.2728086,-5.9663506
1522476615393,4.7022123,8.255207,-6.301539
1522476615413,5.7748146,8.331821,-5.947197
1522476615433,6.339846,11.482592,-6.397307
1522476615453,7.6614456,9.576807,-7.4603324
1522476615472,8.130709,10.907983,-7.9487495
1522476615493,9.193734,11.530476,-6.694188
1522476615513,9.883265,11.741165,-6.0046577
1522476615533,11.013328,11.15698,-5.401319
1522476615553,10.43872,10.218452,-5.133168
1522476615573,8.8777,8.963891,-5.995081
1522476615593,8.37013,8.532935,-6.3206925
1522476615612,8.485051,8.149862,-4.5298295
1522476615632,9.241618,8.389283,-4.185065
1522476615652,12.124237,8.169016,-3.2752678
1522476615672,10.831368,8.322245,-2.5091233
1522476615693,10.553641,7.9008656,-1.3503298
1522476615712,7.0102224,8.552089,-1.6184803
1522476615732,4.098873,7.6135616,-3.265691
1522476615752,3.1028855,5.7748146,-4.644751
1522476615772,2.1739352,5.947197,-6.129156
1522476615792,4.951209,3.1986535,-7.3645644
1522476615812,3.9073372,6.0142345,-8.159439
1522476615832,3.265691,4.644751,-7.1826053
1522476615852,5.046977,2.7964275,-6.8186865
1522476615872,6.4739213,4.0318356,-6.2345014
1522476615893,5.631162,3.7062242,-4.759673
1522476615912,6.703765,3.715801,-4.185065
1522476615932,4.951209,3.3806129,-3.667917
1522476615953,4.1180267,2.6431987,-4.1659107
1522476615973,4.76925,3.0933087,-3.0550013
1522476615993,5.305551,4.261679,-2.7868507
1522476616012,5.899313,4.4244847,-3.5817258
1522476616033,5.363012,4.7405195,-4.4244847
1522476616052,5.142745,4.5681367,-5.3438582
1522476616073,7.1155677,5.056554,-2.825158
1522476616092,8.054094,4.673482,-2.336741
1522476616113,8.676587,4.2521024,-1.982399
1522476616133,7.3645644,4.2425256,-5.7269306
1522476616152,6.7324953,4.0222588,-3.8307228
1522476616172,5.8322754,4.050989,-0.40222588
1522476616192,4.405331,3.7541082,-0.009576807
1522476616212,4.8937483,3.6966474,1.13964
1522476616232,5.056554,4.510676,0.32561144
1522476616253,4.9320555,4.9799395,1.1779473
1522476616273,6.1866174,5.544971,-0.2681506
1522476616293,6.83784,5.171476,-0.6991069
1522476616313,5.793968,3.916914,-1.3694834
1522476616333,4.3382936,2.1452048,-1.0151415
1522476616353,3.0262709,1.4077905,-2.6910827
1522476616373,2.0685902,3.2465374,-6.3206925
1522476616393,13.9917145,6.847417,-3.6296098
1522476616412,15.045163,10.879252,0.7374141
1522476616432,9.854534,12.53604,2.0590134
1522476616452,2.96881,13.809755,2.6431987
1522476616472,4.8937483,9.500193,2.1739352
1522476616493,5.7748146,6.1004257,2.7102363
1522476616513,3.8019924,6.0142345,3.916914
1522476616533,1.982399,9.3182335,1.9536686
1522476616552,3.0550013,13.177686,2.432509
1522476616572,4.3861775,13.67568,2.777274
1522476616593,4.0701427,7.603985,2.27928
1522476616612,1.9057846,2.96881,1.1204864
1522476616633,0.29688102,3.0550013,0.91937345
1522476616653,2.4899697,1.9632454,3.9839516
1522476616673,3.9839516,4.012682,4.596867
1522476616692,4.510676,7.6135616,3.3039982
1522476616713,-1.2162545,10.093954,-0.009576807
1522476616733,2.9113493,13.924677,-1.1971009
1522476616756,-0.46926352,10.409989,0.25857377
1522476616773,-1.4748282,10.496181,-3.3806129
1522476616793,1.2258313,10.208876,-3.9456444
1522476616813,-0.6512229,14.690822,-3.016694
1522476616833,1.3790601,6.493075,-3.6391866
1522476616853,0.9672575,8.494628,1.3599066
1522476616873,2.96881,6.090849,7.785944
1522476616893,3.7253778,8.513782,1.541866
1522476616913,-1.3120226,16.816874,-10.084377
1522476616933,-1.436521,9.624691,-8.293514
1522476616953,13.64695,10.6877165,-3.1411927
1522476616973,7.374141,14.5567465,6.8186865
1522476616993,2.135628,13.206416,0.6991069
1522476617013,1.5227122,9.835381,-2.1068976
1522476617033,1.043872,6.655881,-1.2162545
1522476617053,3.5051112,5.2768207,0.61291564
1522476617073,3.8977604,7.8912888,-0.7661445
1522476617093,4.271256,7.1730285,2.231396
1522476617114,2.078167,0.39264908,-1.5897499
1522476617133,0.7374141,6.244078,0.45968673
1522476617153,4.10845,9.864111,2.4037786
1522476617173,0.009576807,13.828909,1.8962077
1522476617193,-5.5162406,20.60929,0.81402856
1522476617213,-3.3423057,19.009962,0.7278373
1522476617233,-1.1779473,14.058752,2.930503
1522476617253,-1.5897499,12.717999,0.29688102
1522476617273,0.7565677,6.7229185,-0.48841715
1522476617293,2.480393,4.2521024,0.5746084
1522476617313,-0.8619126,7.038953,-2.7006595
1522476617333,0.59376204,5.3725886,1.7908629
1522476617353,0.19153613,5.7365074,2.336741
1522476617373,0.23942018,6.6271505,3.5051112
1522476617393,-2.6144683,12.095507,2.7485435
1522476617413,-7.3645644,18.770542,-1.340753
1522476617433,-5.2289367,13.551182,-6.694188
1522476617453,-1.3694834,5.2289367,-5.439626
1522476617473,-3.122039,10.228029,1.8291701
1522476617493,-1.6567876,9.758766,3.1507695
1522476617513,-3.5338416,9.433155,1.1109096
1522476617533,-0.46926352,9.471462,0.92895025
1522476617553,-2.72939,10.189722,6.435614
1522476617573,-3.371036,10.936713,3.7445314
1522476617593,-4.0414124,11.415554,5.2768207
1522476617613,-4.9416323,10.103531,5.3725886
1522476617632,-6.7229185,7.326257,-2.7389667
1522476617653,-1.3790601,5.3725886,4.175488
1522476617673,-0.7565677,8.781932,8.8777
1522476617693,0.22984336,7.153875,6.5505357
1522476617713,-1.3120226,5.353435,3.8019924
1522476617733,-2.8060043,4.367024,2.9017725
1522476617753,-1.8004397,3.7445314,3.1986535
1522476617772,-1.340753,3.8977604,4.6926355
1522476617792,-1.5227122,4.6255975,3.8786068
1522476617812,-2.0494366,5.1906295,2.528277
1522476617832,-2.0685902,5.497087,1.6759412
1522476617853,-1.436521,4.357447,2.4612393
1522476617872,-0.21068975,3.5625722,3.1986535
1522476617892,-0.21068975,5.0182467,1.8291701
1522476618068,-0.47884035,11.903971,1.8962077
1522476618088,-2.9592333,16.232687,5.6982
1522476618108,-3.2944214,26.719292,7.6614456
1522476618128,-1.1683705,11.195287,-1.0534488
1522476618148,-1.9728222,6.0716953,-3.016694
1522476618169,-3.8019924,3.5051112,-2.6910827
1522476618189,-4.462792,4.6926355,-0.45968673
1522476618209,-2.0398598,8.868123,3.8881836
1522476618229,-0.4405331,10.429143,2.7389667
1522476618249,0.8523358,8.293514,2.3080103
1522476618268,-0.4213795,6.2249246,1.8004397
1522476622183,0.19153613,11.731588,10.94629
1522476622203,-2.8634653,7.019799,8.868123
1522476622223,-5.161899,3.6583402,7.0006456
1522476622243,-5.171476,3.8498764,6.3206925
1522476622263,-4.0414124,5.171476,6.847417
1522476622283,-3.1316159,4.462792,7.153875
1522476622303,-1.0342951,4.807557,5.889736
1522476622323,0.038307227,4.7788267,5.2385135
1522476622343,-0.48841715,5.813122,3.9360676
1522476622363,-0.8810662,8.034941,2.336741
1522476622383,-0.93852705,8.322245,2.0398598
1522476622403,-3.5242648,7.8529816,2.4133554
1522476622423,-5.6790466,7.441179,2.8060043
1522476622600,-0.63206923,7.038953,4.76925
1522476622620,-1.4460979,11.080365,4.5298295
1522476622640,-1.4269443,11.712435,3.8786068
1522476622660,-0.35434186,10.237606,3.466804
1522476622680,-1.8100165,7.326257,2.6144683
1522476622699,-2.0494366,6.2728086,4.012682
1522476622719,-1.4077905,7.0102224,4.501099
1522476622739,-0.58418524,8.0924015,4.8267107
1522476622759,-0.49799395,8.054094,2.2122424
1522476622779,-1.9440918,7.1347213,1.2545617
1522476622961,-0.095768064,2.585738,3.2082303
1522476622981,-2.6048915,2.2026656,4.8267107
1522476623001,-5.0182467,4.5202527,7.431602
1522476623021,-4.414908,6.0621185,7.0964136
1522476623041,-2.930503,5.0182467,5.4204726
1522476623061,-1.3599066,5.133168,3.8498764
1522476623081,-2.8443117,7.1251445,4.175488
1522476623101,-3.8881836,10.0269165,4.405331
1522476623121,-3.3327289,10.390836,4.644751
1522476623141,-4.3382936,9.414001,3.9360676
1522476623161,-4.6255975,8.944737,2.0685902
1522476623181,-1.7525556,6.8091097,1.3120226
1522476623201,0.22026655,6.6175733,7.1826053
1522476623221,-2.7006595,5.2959743,-8.647857
1522476623241,-3.4955344,13.101071,3.9073372
1522476623261,-3.7541082,22.294806,10.477027
1522476623281,-5.0757074,14.010868,-2.480393
1522476623301,-2.6910827,9.385271,1.9632454
1522476623321,-0.12449849,7.843405,3.8402996
1522476623341,-1.1971009,8.197746,2.815581
1522476623361,-0.16280572,10.70687,3.5338416
1522476623381,-0.038307227,12.220005,3.3327289
1522476623401,-1.043872,10.477027,4.759673
1522476623421,-1.4460979,8.025364,4.807557
1522476623441,-1.1971009,6.5122285,2.480393
1522476623460,-1.4939818,5.592855,2.2601264
1522476623481,-2.882619,4.673482,-0.009576807
1522476623501,-4.156334,4.9224787,0.4405331
1522476623521,-4.8937483,6.445191,1.0151415
1522476623541,-3.6296098,8.925584,3.8402996
1522476623561,-4.3478703,10.0748005,8.00621
1522476623581,-2.7964275,8.37013,3.0071173
1522476623601,-0.93852705,12.74673,8.734048
1522476623621,-1.3982137,11.84651,7.192182
1522476623641,-1.4939818,6.579266,4.606444
1522476623661,-3.0262709,4.357447,3.1794999
1522476623681,-4.55856,4.2904096,3.8115692
1522476623701,-4.3478703,4.8745947,4.405331
1522476623721,-2.815581,6.5505357,5.7269306
1522476623741,-1.8100165,6.6079965,5.659893
1522476623761,-0.7469909,8.485051,3.8019924
1522476623781,-0.7469909,8.599973,1.9057846
1522476623801,-2.6431987,7.517793,1.532289
1522476623821,-3.323152,6.0716953,1.4939818
1522476623841,-3.2369606,6.205771,4.185065
1522476623861,0.80445176,9.787497,13.599066
1522476623881,0.9576807,4.76925,-17.54471
1522476623900,-2.327164,18.397045,-0.51714754
1522476623921,-5.2959743,19.622877,2.327164
1522476623941,-6.033388,13.9151,2.4516625
1522476623961,-5.209783,18.004396,0.6703765
1522476623981,-2.9113493,11.693281,0.22026655
1522476624001,-1.8004397,8.781932,1.1683705
1522476624020,-0.34476504,7.872135,1.5801731
1522476624041,1.3982137,7.029376,1.6280571
1522476624061,2.8060043,5.3247046,0.5650316
1522476624081,1.8770541,7.8146744,1.2449849
1522476624100,1.0534488,9.375694,0.58418524
1522476624121,1.982399,8.350976,0.25857377
1522476624141,1.1779473,9.739613,1.484405
1522476624161,-1.13964,10.582372,-0.2681506
1522476624181,-1.1109096,9.576807,-0.7565677
1522476624201,-1.9440918,10.218452,-0.5746084
1522476624220,-3.074155,12.0571995,-0.49799395
1522476624241,-4.711789,12.0571995,1.2162545
1522476624261,-3.7253778,12.938266,0.22984336
1522476624281,-1.5131354,15.2367,-1.3024458
1522476624301,-0.90979666,19.124884,-1.1109096
1522476624321,-1.3790601,17.171215,0.38307226
1522476624341,1.685518,15.035586,3.8307228
1522476624361,0.17238252,13.330915,2.9017725
1522476624380,-2.5378537,12.11466,1.091756
1522476624401,-3.964798,10.965444,-1.043872
1522476624420,-4.0701427,8.532935,-1.6184803
1522476624441,-4.721366,7.249643,-1.2641385
1522476624461,-4.5202527,5.650316,-0.7757214
1522476624481,-5.3438582,4.3766007,0.61291564
1522476624501,-7.0006456,4.050989,1.1875241
1522476624521,-7.479486,3.9360676,2.7581203
1522476624540,-6.0525417,3.1124623,2.6910827
1522476624561,-3.6487634,3.6870706,4.271256
1522476624580,-2.6910827,5.3821654,6.2345014
1522476624601,-0.6991069,7.517793,6.8282633
1522476624620,0.78529817,14.068329,11.60709
1522476624641,0.6703765,17.372328,15.466543
1522476624660,3.074155,11.415554,9.586384
1522476624681,3.064578,8.6574335,5.631162
1522476624700,-1.13964,11.482592,-5.583278
1522476624721,-4.807557,15.409082,-10.28549
1522476624741,-7.6710224,11.722012,-0.4405331
1522476624761,-3.3806129,8.465898,8.456321
1522476624781,-4.7500963,7.1155677,-2.2122424
1522476624801,-2.1547816,7.9870567,-5.746084
1522476624820,-3.3135753,11.932701,-4.548983
1522476624841,-4.5872903,10.314221,3.6008794
1522476624860,-4.5394063,9.854534,4.807557
1522476624881,-3.4572272,6.646304,3.3327289
1522476624901,-2.8921957,5.439626,1.541866
1522476624921,-1.6184803,5.6982,1.6567876
1522476624941,0.12449849,6.5505357,1.4460979
1522476624961,0.10534488,8.255207,0.9672575
1522476624981,-1.1300632,9.672575,0.6895301
1522476625001,-1.7812861,10.850522,0.7661445
1522476625021,-1.5131354,10.113108,1.388637
1522476625041,-0.90021986,9.279925,2.1739352
1522476625061,-0.6607997,10.113108,3.265691
1522476625081,-1.340753,11.21444,3.0071173
1522476625101,-2.3750482,11.166556,1.1683705
1522476625121,-2.8634653,10.189722,-1.1204864
1522476625141,-1.8483237,10.04607,-2.6527755
1522476625161,0.5267244,10.879252,-0.5746084
1522476625181,1.0726024,12.77546,-0.35434186
1522476625201,-0.2777274,15.591042,-0.80445176
1522476625221,-1.043872,12.038046,-1.0151415
1522476625241,-0.94810385,12.124237,1.8962077
1522476625260,-2.0494366,10.515334,0.81402856
1522476625281,-2.4229321,10.658986,-1.2641385
1522476625301,-1.283292,11.587936,-3.763685
1522476625321,-2.9783869,11.243171,2.4229321
1522476625340,-3.5913026,13.196839,2.633622
1522476625361,-3.265691,12.737153,0.4309563
1522476625381,-3.1986535,10.505757,1.532289
1522476625401,-2.6719291,9.184157,1.4460979
1522476625421,-2.9113493,8.293514,0.10534488
1522476625441,-2.2888567,9.921572,-0.8810662
1522476625461,-2.7868507,7.019799,0.49799395
1522476625481,-2.4899697,5.3438582,1.3599066
1522476625501,-1.9249382,4.453215,1.7046716
1522476625521,-1.8962077,3.821146,1.7142484
1522476625541,-1.934515,2.8538885,1.5227122
1522476625561,-1.0534488,2.0207062,1.7142484
1522476625580,-0.33518824,1.8100165,1.9440918
1522476625601,0.17238252,2.6240451,2.528277
1522476625620,-0.08619126,3.2752678,2.96881
1522476625641,0.34476504,4.271256,2.7964275
1522476625661,-0.38307226,6.742072,3.3039982
1522476625681,-1.9249382,11.022904,2.336741
1522476625701,-2.7102363,11.511322,3.2752678
1522476625721,-4.146757,8.887277,5.00867
1522476625741,-5.5258174,8.887277,5.085284
1522476625761,-5.9280434,8.647857,3.9456444
1522476625781,-4.414908,6.8091097,4.912902
1522476625801,-3.964798,6.646304,5.6407394
1522476625821,-4.1946416,10.534488,6.7803793
1522476625841,-2.8921957,10.860099,-9.80665
1522476625861,-1.9057846,14.757859,-3.371036
1522476625881,-4.271256,16.041151,12.50731
1522476625901,-3.514688,10.994174,1.9536686
1522476625921,-4.261679,13.263878,2.27928
1522476625941,-2.3942018,11.654974,4.012682
1522476625961,-0.50757074,9.481039,4.0318356
1522476625980,-0.94810385,10.01734,3.466804
1522476626001,-2.2601264,9.56723,2.566584
1522476626021,-2.0685902,8.66701,1.6759412
1522476626041,-2.5761611,6.349423,2.719813
1522476626061,-3.122039,4.6351743,4.5298295
1522476626081,-2.1643584,3.6774938,4.8745947
1522476626101,-1.733402,3.6391866,3.3518825
1522476626121,-0.93852705,4.4723687,1.982399
1522476626140,-0.62249243,6.167464,0.81402856
1522476626161,-1.3215994,8.408437,-0.076614454
1522476626181,-2.777274,11.63582,-0.16280572
1522476626201,-4.759673,11.884817,3.2944214
1522476626221,-7.690176,8.829816,10.658986
1522476626241,-5.21936,6.8569937,9.107543
1522476626260,-2.930503,8.839393,6.196194
1522476626281,-2.920926,8.628703,5.66947
1522476626300,-2.4037786,6.9240313,5.7269306
1522476626321,-3.1316159,5.6886234,6.588843
1522476626340,-3.9360676,4.9416323,7.5561004
1522476626361,-3.217807,5.592855,5.841852
1522476626380,-1.7908629,4.999093,3.5625722
1522476626401,-0.7374141,3.122039,2.231396
1522476626420,-1.5227122,1.5610195,3.217807
1522476626441,-2.27928,5.3438582,3.5434184
1522476626460,-4.3861775,9.375694,4.2999864
1522476626481,-4.280833,11.942278,4.2904096
1522476626501,-4.663905,10.5919485,5.2289367
1522476629182,-1.2354081,6.129156,2.7964275
1522476629202,-1.4173675,8.532935,2.777274
1522476629222,-0.90979666,10.295067,3.4955344
1522476629242,-2.135628,9.222465,5.209783
1522476629262,-3.9456444,7.795521,5.046977
1522476629282,-4.1946416,6.789956,2.3750482
1522476629302,-1.7908629,5.133168,2.72939
1522476629322,-1.3215994,4.7788267,2.3463178
1522476629342,-0.641646,6.2632318,2.0973208
1522476629362,-4.510676,11.750742,-4.271256
1522476629383,-9.452309,22.352266,1.3694834
1522476629402,-8.916007,20.408175,9.682152
1522476629422,-4.3287168,8.686164,2.815581
1522476629599,-1.7908629,5.506664,3.9073372
1522476629620,-2.135628,6.291962,2.5187001
1522476629639,-2.2218192,6.493075,1.2545617
1522476629660,-1.5131354,6.991069,-1.0151415
1522476629679,-2.3654714,7.7667904,-1.2162545
1522476629699,-5.2385135,11.291056,1.0821792
1522476629719,-7.07726,11.856087,2.0590134
1522476629739,-7.201759,11.616667,7.5465236
1522476629759,-5.4204726,9.241618,8.791509
1522476629779,-2.7581203,9.452309,8.801085
1522476629799,-1.0630256,9.030929,5.947197
1522476629819,-1.484405,6.7229185,4.8745947
1522476629839,-1.5227122,4.596867,3.9264908
1522476629859,-1.8866309,3.7445314,3.6391866
1522476629879,-1.9728222,3.715801,3.6104562
1522476629899,-2.1260512,4.6351743,4.5202527
1522476629919,-2.2026656,5.3247046,6.0046577
1522476629939,-1.0151415,5.6120086,4.9224787
1522476629959,-0.4309563,5.1906295,2.2984335
1522476629979,-2.0685902,5.6120086,1.2449849
1522476629999,-5.1810527,7.9870567,2.0111294
1522476630019,-7.4986396,10.773908,4.414908
1522476630039,-6.5601125,9.548077,6.6271505
1522476630059,-4.175488,9.078813,7.383718
1522476630079,-1.5131354,8.561666,5.8705826
1522476630099,0.6991069,8.341399,-12.373235
1522476630119,-2.231396,19.31642,4.462792
1522476630139,-3.0933087,18.148048,9.730036
1522476630159,-5.8801594,8.714894,-2.087744
1522476630179,-3.4763808,8.025364,1.283292
1522476630199,-3.0933087,9.816227,5.5641246
1522476630219,-2.5953147,18.157625,5.1523223
1522476630239,-1.7812861,11.980585,1.6567876
1522476630259,-1.292869,7.383718,3.0358477
1522476630279,-0.641646,6.3302693,5.583278
1522476630299,-2.6719291,5.5641246,3.763685
1522476630319,-1.9153614,6.3589997,2.1739352
1522476630339,-1.340753,5.8801594,0.94810385
1522476630359,-1.5035586,6.2632318,-0.25857377
1522476630379,-1.9919758,6.5601125,0.0
1522476630399,-1.8100165,5.803545,-1.8100165
1522476630419,-2.6048915,5.5737014,-0.009576807
1522476630439,-5.793968,7.6231384,7.0102224
1522476630459,-3.8786068,6.981492,11.262324
1522476630479,-3.8881836,11.377247,7.431602
1522476630499,-3.0358477,14.374787,5.2959743
1522476630519,-3.169923,8.456321,6.7324953
1522476630539,-0.9864111,4.711789,5.2385135
1522476630559,-1.3503298,2.5474305,5.9759274
1522476630579,-3.5242648,4.4436383,6.751649
1522476630599,-5.3821654,7.2304893,6.6271505
1522476630619,-5.449203,8.111555,6.3111157
1522476630639,-3.4284968,7.3166804,4.596867
1522476630659,-2.1643584,5.9184666,4.2999864
1522476630679,-0.8714894,6.789956,3.217807
1522476630699,-2.6144683,8.676587,3.3614593
1522476630719,-3.2752678,8.456321,3.4763808
1522476630739,-2.432509,6.4068837,2.6719291
1522476630759,-0.46926352,7.680599,3.169923
1522476630779,0.8619126,6.6271505,2.8921957
1522476630799,-2.8634653,7.1634517,-9.394848
1522476630819,-7.728483,20.264523,3.2082303
1522476630839,-8.255207,21.164743,7.326257
1522476630859,-6.042965,12.861651,3.466804
1522476630879,-3.6870706,13.455414,1.283292
1522476630899,-1.4748282,8.571242,0.20111294
1522476630919,-0.79487497,7.1826053,1.8291701
1522476630939,-1.3982137,7.1059904,3.6583402
1522476630959,-0.82360536,7.2304893,3.1507695
1522476630979,-0.02873042,6.8569937,3.5338416
1522476630999,-0.7661445,5.6886234,3.9935284
1522476631019,-0.5650316,5.267244,3.5434184
1522476631039,-0.1340753,7.249643,3.6583402
1522476631059,-0.90979666,8.848969,2.2697031
1522476631079,-2.231396,8.619126,1.5035586
1522476631099,-2.4612393,6.7803793,-0.16280572
1522476631119,-3.3327289,6.2345014,0.12449849
1522476631139,-4.271256,7.479486,1.13964
1522476631159,-6.6750345,10.208876,7.9966335
1522476631179,-7.019799,10.390836,7.565677
1522476631199,-5.650316,12.813767,7.690176
1522476631219,-2.9400797,11.750742,7.872135
1522476631239,-1.1779473,8.734048,7.335834
1522476631259,0.47884035,4.6926355,4.721366
1522476631279,-1.4269443,3.4955344,3.074155
1522476631299,-3.466804,5.2385135,3.074155
1522476631319,-4.10845,5.094861,4.156334
1522476631339,-3.8402996,4.8841715,5.2768207
1522476631359,-2.7581203,5.267244,7.0485296
1522476631379,-0.9672575,5.8801594,5.2959743
1522476631399,-0.7661445,7.431602,1.8579005
1522476631419,-1.3599066,9.069236,1.9440918
1522476631439,-4.462792,8.465898,4.855441
1522476631459,-5.6982,7.335834,5.209783
1522476631479,-4.2904096,9.385271,8.485051
1522476631499,-0.94810385,6.655881,-1.4173675
1522476631519,-1.1013328,6.3589997,-11.128249
1522476631539,-3.5913026,14.623784,2.1643584
1522476631559,-1.1204864,20.111294,11.425131
1522476631579,-4.232949,13.043611,-1.7812861
1522476631599,-4.414908,12.53604,2.96881
1522476631619,-3.3327289,9.672575,3.3997664
1522476631639,-2.1930888,9.040505,3.6391866
1522476631659,-1.3311762,8.772355,1.0342951
1522476631679,-0.47884035,8.149862,0.89064306
1522476631699,0.12449849,8.66701,1.4652514
1522476631719,-0.31603462,8.743625,3.41892
1522476631739,-0.10534488,8.121132,3.86903
1522476631759,0.90021986,8.264784,2.8921957
1522476631779,0.08619126,8.954314,0.7661445
1522476631799,-0.7182605,8.714894,-1.3982137
1522476631819,-2.9975405,8.963891,-1.4173675
1522476631839,-4.673482,11.760319,-0.8810662
1522476631859,-5.2385135,11.789049,1.982399
1522476631879,-3.9264908,12.660539,0.31603462
1522476631899,-6.9144545,11.894394,0.9864111
1522476631919,-8.599973,14.489709,5.1140146
1522476631939,-4.596867,17.554287,7.038953
1522476631959,-4.0414124,9.653421,-0.9768343
1522476631979,0.61291564,11.568783,4.903325
1522476631999,0.23942018,13.148955,3.8019924
1522476632019,-1.3311762,10.160992,2.384625
1522476632039,-2.7102363,8.073248,2.4899697
1522476632059,-2.3175871,7.0102224,2.078167
1522476632079,-2.1547816,6.3111157,1.0726024
1522476632099,-2.566584,5.0374002,0.51714754
1522476632119,-3.7062242,4.4819455,1.0247183
1522476632139,-4.050989,4.596867,1.4173675
1522476632159,-3.4763808,5.161899,2.5091233
1522476632179,-4.6926355,6.253655,4.213795
1522476632199,-4.3957543,7.335834,5.535394
1522476632219,-2.0590134,9.749189,8.7532015
1522476632239,1.5801731,11.769896,11.195287
1522476632259,3.8881836,11.358093,8.954314
1522476632279,0.8331822,11.18571,5.899313
1522476632299,-1.6663644,15.112201,3.2848446
1522476632319,-3.3806129,15.121778,-6.6079965
1522476632339,-5.985504,8.791509,-3.0550013
1522476632359,-5.3438582,6.8186865,8.791509
1522476632379,-2.8443117,5.659893,-3.1507695
1522476632399,-1.3215994,9.883265,-7.479486
1522476632419,-3.122039,14.18325,-2.2122424
1522476632439,-4.4244847,13.081918,4.999093
1522476632459,-4.6255975,11.482592,1.0630256
1522476632479,-3.6008794,8.274361,2.1260512
1522476632499,-3.8977604,6.799533,3.8307228
1522476632519,-3.9935284,6.1387334,2.767697
1522476632539,-2.633622,6.540959,1.292869
1522476632559,-1.7142484,7.0485296,0.35434186
1522476632579,-1.9536686,8.2169,-0.1340753
1522476632599,-2.327164,9.241618,0.6895301
1522476632619,-2.2026656,9.136273,1.685518
1522476632639,-1.7238252,8.90643,2.777274
1522476632659,-1.5993267,8.580819,2.8443117
1522476632679,-1.3024458,8.935161,3.3039982
1522476632699,-1.436521,9.911995,2.9879637
1522476632719,-1.8962077,9.873688,1.6280571
1522476632739,-3.1316159,10.055647,-1.1779473
1522476632759,-4.548983,10.649409,-3.217807
1522476632779,-2.767697,11.415554,1.0247183
1522476632799,-0.38307226,11.722012,1.9728222
1522476632819,-0.63206923,13.800179,2.1260512
1522476632839,-1.982399,14.298173,1.1683705
1522476632859,-2.1164744,12.469003,-0.641646
1522476632879,-1.1779473,12.430696,1.3024458
1522476632899,-0.31603462,10.726024,-1.9440918
1522476632919,-1.2545617,8.90643,-2.777274
1522476632939,-3.466804,10.67814,0.9959879
1522476632959,-5.00867,12.5743475,1.6376339
1522476632979,-4.903325,12.239159,1.3311762
1522476632999,-4.817134,10.0748005,0.9672575
1522476633019,-2.96881,9.136273,1.8004397
1522476633040,-2.2122424,8.801085,1.3599066
1522476633059,-1.3599066,11.300632,0.49799395
1522476633079,-0.6895301,9.021352,0.20111294
1522476633099,-1.1492168,7.1634517,0.15322891
1522476633119,-1.4077905,5.841852,0.46926352
1522476633139,-2.1643584,6.0525417,1.1875241
1522476633159,-3.2848446,6.6654577,2.078167
1522476633179,-4.1276035,6.7229185,2.2218192
1522476633199,-3.9935284,6.4739213,2.1068976
1522476633219,-3.9456444,5.947197,2.327164
1522476633239,-3.514688,5.161899,2.566584
1522476633259,-2.7964275,5.315128,2.6719291
1522476633279,-2.2505496,6.540959,3.2561142
1522476633299,-3.6870706,8.724471,4.223372
1522476633319,-3.1986535,9.988609,6.435614
1522476633339,-1.5897499,12.382812,8.542512
1522476633359,1.8387469,14.221559,12.631808
1522476633379,4.1659107,9.423578,11.128249
1522476633399,3.2369606,5.995081,3.0358477
1522476633419,1.1971009,8.197746,-1.1683705
1522476633439,-2.8634653,14.135366,-5.3247046
1522476633459,-7.297527,13.522451,-3.074155
1522476633479,-7.929596,12.392388,3.7924154
1522476633499,-4.5681367,6.8761473,5.861006
1522476633519,-3.5625722,3.9264908,-2.6144683
1522476633539,-1.4748282,7.565677,-5.056554
1522476633559,-3.7253778,11.731588,-2.336741
1522476633579,-5.497087,11.932701,4.2521024
1522476633599,-3.9552212,10.649409,5.8705826
1522476633619,-2.767697,8.42759,4.548983
1522476633639,-2.566584,7.2304893,3.6296098
1522476633659,-2.2409728,6.6846113,1.6376339
1522476633679,-1.1109096,7.07726,1.4269443
1522476633699,-0.48841715,8.2169,1.4173675
1522476633719,-1.1492168,8.130709,2.030283
1522476633739,-2.4229321,7.6135616,2.27928
1522476633759,-2.432509,7.824251,4.357447
1522476633779,-1.5993267,6.9240313,3.9456444
1522476633799,-1.1013328,6.5122285,2.96881
1522476633819,-2.2218192,6.5026517,3.3614593
1522476633839,-2.6048915,6.789956,2.1260512
1522476633859,-1.541866,6.6175733,1.5801731
1522476633879,-0.5554548,7.1634517,2.2505496
1522476633899,-0.90979666,6.4164605,2.2888567
1522476633919,-2.3558946,6.6846113,1.5705963
1522476633939,-2.2888567,6.751649,-0.41180268
1522476633959,-3.86903,7.4124484,1.9632454
1522476633979,-4.2042184,10.888829,1.8387469
1522476633999,-4.31914,12.5264635,6.4260373
1522476634019,-5.497087,10.25676,7.9104424
1522476634039,-1.9632454,10.802638,7.2783732
1522476634059,-2.1068976,9.595961,6.8186865
1522476634079,-1.9153614,5.803545,5.5641246
1522476634099,-1.5131354,4.175488,5.046977
1522476634119,-3.0262709,3.8594532,5.7843914
1522476634139,-4.050989,5.21936,5.8801594
1522476634159,-4.1659107,5.3342814,6.83784
1522476634179,-3.4476504,5.947197,6.0142345
1522476634199,-0.7086837,6.2345014,4.76925
1522476634219,-0.24899697,4.817134,4.7884035
1522476634239,-1.0630256,7.240066,4.7979803
1522476634259,-2.4899697,9.969456,4.050989
1522476634279,-4.6351743,11.243171,3.7253778
1522476634299,-5.9759274,9.768343,3.6583402
1522476634319,-4.673482,6.157887,4.280833
1522476634339,-2.384625,5.6982,2.8538885
1522476634359,-0.82360536,5.3438582,1.8483237
1522476634379,-2.2888567,6.2345014,-4.050989
1522476634399,-5.2768207,14.269443,-4.55856
1522476634419,-4.951209,21.815966,10.180145
1522476634439,-3.763685,13.330915,5.8322754
1522476634459,-5.4683566,10.984597,-1.5705963
1522476634479,-1.4460979,13.01488,5.315128
1522476634499,0.23942018,13.876793,3.2465374
1522476634519,-0.89064306,9.672575,2.2984335
1522476634539,-0.5267244,7.536947,1.5227122
1522476634559,-1.292869,7.431602,1.5897499
1522476634579,-2.3942018,7.1347213,2.6910827
1522476634599,-2.1452048,7.824251,3.1890767
1522476634619,-1.0630256,7.929596,3.4093432
1522476634639,0.06703765,7.2113357,3.265691
1522476634659,-1.1779473,6.3781533,2.5761611
1522476634679,-2.231396,6.0046577,0.80445176
1522476634699,-2.528277,7.1634517,-0.08619126
1522476634719,-1.9728222,7.1251445,0.48841715
1522476634739,-2.2601264,5.985504,-0.038307227
1522476634759,-3.514688,7.038953,0.62249243
1522476634779,-4.1276035,8.082825,3.4572272
1522476634799,-6.7324953,11.128249,7.0485296
1522476634819,-5.497087,14.662091,11.300632
1522476634839,-4.1371803,14.796166,7.690176
1522476634859,-2.8538885,9.864111,7.9008656
1522476634879,-1.541866,6.205771,5.2768207
1522476634899,-2.3750482,4.8362875,4.7405195
1522476634919,-5.6886234,7.07726,7.469909
1522476634939,-6.205771,7.0581064,7.699753
1522476640194,-1.3599066,3.2369606,2.4708161
1522476640214,-1.2162545,3.964798,3.371036
1522476640234,-0.7661445,4.0222588,4.175488
1522476640253,-0.4213795,4.76925,2.6048915
1522476640274,-1.0342951,6.6654577,1.7812861
1522476640293,-2.5761611,7.8146744,0.82360536
1522476640313,-4.76925,9.174581,2.4037786
1522476640333,-5.3342814,8.820239,3.4380736
1522476640354,-6.301539,6.588843,7.383718
1522476640373,-3.7828386,8.963891,10.67814
1522476640393,-3.1507695,9.720459,-1.5705963
1522476640413,-0.63206923,12.334928,-11.425131
1522476640433,-3.5529952,24.74647,16.328455
1522476640453,-4.6926355,16.328455,3.2082303
1522476640474,-4.0318356,13.503298,5.3247046
1522476640493,-2.480393,14.30775,5.257667
1522476640514,-0.7565677,12.095507,2.9496565
1522476640534,-0.19153613,9.203311,-0.6991069
1522476640553,-2.5474305,6.703765,-0.15322891
1522476640573,-4.7500963,5.363012,0.35434186
1522476640594,-4.3957543,4.0797195,1.8674773
1522476640614,-1.9919758,5.3438582,3.1603463
1522476640633,-0.08619126,7.1059904,2.3654714
1522476640653,0.40222588,6.751649,3.5434184
1522476640673,0.63206923,6.3589997,3.4859576
1522476640693,0.11492168,5.8705826,2.6910827
1522476640714,-0.6703765,6.6654577,2.6240451
1522476640734,-1.4939818,6.6367273,1.3790601
1522476640754,-2.2505496,5.9567738,0.60333884
1522476640774,-2.719813,6.5984197,-0.92895025
1522476640794,-3.620033,9.576807,1.2641385
1522476640813,-5.7365074,12.679692,7.1730285
1522476640833,-6.8569937,12.344504,11.559206
1522476640854,-4.855441,12.852075,9.576807
1522476640874,-4.4723687,10.228029,9.021352
1522476640893,-2.9975405,7.479486,5.8801594
1522476640913,-0.9672575,4.759673,4.5777135
1522476640933,-0.81402856,3.0358477,5.1140146
1522476640953,-1.7717092,4.232949,5.3725886
1522476640973,-3.1411927,5.592855,5.93762
1522476640993,-3.7732618,6.5601125,5.8705826
1522476641013,-3.5625722,5.995081,5.0182467
1522476641033,-1.9632454,4.7884035,3.7924154
1522476641053,-1.6184803,4.7500963,2.2697031
1522476641073,-1.8866309,6.742072,2.6048915
1522476641093,-2.6144683,8.054094,2.9975405
1522476641113,-4.060566,8.724471,3.3901896
1522476641133,-4.999093,7.240066,2.825158
1522476641153,-4.012682,8.437167,3.9935284
1522476641173,-1.283292,10.812215,14.60463
1522476641193,-7.469909,8.513782,-10.6877165
1522476641213,-3.7062242,16.031574,-5.1523223
1522476641233,-2.566584,25.771187,15.753847
1522476641253,-2.9400797,12.717999,-2.5570073
1522476641273,-4.050989,10.620679,0.63206923
1522476641293,-1.2545617,9.672575,4.232949
1522476641314,-1.1492168,7.642292,2.4037786
1522476641333,-1.5705963,5.8322754,2.9592333
1522476641353,-0.89064306,4.9895163,3.6104562
1522476641373,-0.009576807,6.157887,2.6910827
1522476641393,-0.641646,7.297527,3.7828386
1522476641413,-0.6512229,7.393295,4.817134
1522476641433,-0.019153614,8.983045,4.10845
1522476641453,0.40222588,9.586384,3.1794999
1522476641474,-0.8619126,8.42759,2.5953147
1522476641493,-1.340753,6.6750345,1.4748282
1522476641513,-2.1739352,4.9703627,0.8619126
1522476641533,-1.7429788,2.7485435,-1.5705963
1522476641553,-2.9975405,5.3247046,-2.4995465
1522476641573,-3.667917,9.576807,3.6774938
1522476641593,-6.1004257,12.53604,9.873688
1522476641613,-7.9391727,14.633361,1.6567876
1522476641633,-5.746084,14.662091,10.697293
1522476641653,-0.641646,12.938266,7.920019
1522476641673,1.5131354,6.751649,5.315128
1522476641693,-1.0055647,5.3821654,4.999093
1522476641713,-4.9320555,7.1155677,4.8745947
1522476641734,-4.8267107,8.264784,4.175488
1522476641753,-3.6583402,6.751649,3.1890767
1522476641773,-2.873042,4.2042184,3.4476504
1522476641793,-2.2218192,4.462792,3.6104562
1522476641813,-2.2026656,5.3725886,4.6160207
1522476641834,-2.2122424,5.9280434,5.2863975
1522476641854,-0.79487497,5.602432,4.711789
1522476641873,-1.2162545,7.690176,4.0414124
1522476641893,-2.9783869,10.601525,3.0358477
1522476641913,-4.0797195,9.509769,5.497087
1522476641933,-5.5162406,10.658986,8.1402855
1522476641953,-1.1109096,11.798626,8.513782
1522476641973,-4.4244847,12.717999,-9.097966
1522476641993,0.038307227,14.173674,-9.32781
1522476642013,1.6280571,20.044256,14.642938
1522476642033,-2.9017725,21.586123,-0.8331822
1522476642053,-3.3806129,11.798626,0.6991069
1522476642073,-4.1659107,10.28549,4.1180267
1522476642093,-6.6846113,7.2687964,2.1739352
1522476642114,-5.889736,7.240066,0.9576807
1522476642133,-3.4380736,9.232041,1.3982137
1522476642153,-1.8291701,7.728483,1.2354081
1522476642173,-0.4213795,5.171476,-1.1204864
1522476642193,0.038307227,4.3957543,-1.733402
1522476642213,-1.1300632,4.865018,-1.4939818
1522476642233,-2.078167,7.479486,1.733402
1522476642253,-2.9400797,10.25676,3.9073372
1522476642274,-3.6104562,10.611102,3.1986535
1522476642293,-1.7717092,9.911995,1.2258313
1522476642313,-0.8810662,12.191275,0.6512229
1522476642333,-0.1436521,10.965444,0.076614454
1522476642353,-0.1340753,12.047623,2.96881
1522476642373,-1.7046716,12.670115,3.1316159
1522476642394,-3.5434184,12.210428,0.11492168
1522476642413,-4.1371803,11.760319,-1.4077905
1522476642433,-2.5953147,12.785037,0.81402856
1522476642453,0.82360536,14.729129,2.183512
1522476642474,1.1875241,12.77546,-2.7102363
1522476642493,-5.0661306,11.549629,-2.566584
1522476642513,-4.644751,13.474567,2.777274
1522476642533,-3.9839516,11.769896,3.5913026
1522476642553,-2.6144683,9.691729,3.3997664
1522476642573,-1.1683705,9.3661175,2.5187001
1522476642593,-0.38307226,10.323798,1.0726024
1522476642613,0.16280572,9.155427,0.095768064
1522476642633,-0.842759,6.789956,-1.6376339
1522476642653,-1.3215994,6.291962,-1.7429788
1522476642674,-1.2066777,5.8322754,-0.9576807
1522476642693,-1.5514427,6.042965,-0.2873042
1522476642713,-3.1316159,6.5122285,0.16280572
1522476642733,-4.175488,7.4507556,1.484405
1522476642753,-4.644751,7.9008656,2.0590134
1522476642773,-5.3247046,6.933608,2.96881
1522476642794,-5.1140146,6.493075,3.4955344
1522476642814,-3.7924154,7.297527,4.2999864
1522476642833,-2.087744,7.603985,4.8458643
1522476642853,-0.6703765,8.848969,6.5984197
1522476642873,1.3503298,10.850522,8.169016
1522476642893,3.5338416,13.934254,10.869676
1522476642913,3.7732618,11.147403,9.078813
1522476642933,3.7924154,7.872135,5.0661306
1522476642953,1.1587936,10.055647,-2.8443117
1522476642973,-5.315128,14.288596,-11.482592
1522476642993,-7.73806,12.488156,-2.7006595
1522476643013,-3.2082303,10.065224,7.651869
1522476643033,-4.606444,4.654328,0.51714754
1522476643053,-4.060566,8.274361,-7.833828
1522476643073,-4.9224787,12.823344,-2.9400797
1522476643093,-5.841852,12.392388,5.4204726
1522476643113,-3.4093432,11.224017,4.510676
1522476643134,-2.7964275,9.643845,4.012682
1522476643153,-2.2409728,7.4028716,2.4516625
1522476643173,-2.030283,7.067683,2.3175871
1522476643194,-2.135628,6.9240313,1.3311762
1522476643214,-2.2409728,7.240066,0.59376204
1522476643234,-2.4229321,8.255207,0.40222588
1522476643254,-2.2697031,10.160992,1.9153614
1522476643273,-2.3175871,9.490616,2.681506
1522476643293,-1.6280571,8.599973,2.231396
1522476643313,-1.7812861,9.011775,1.6567876
1522476643334,-1.5131354,8.159439,2.4995465
1522476643353,-1.982399,8.379706,0.047884032
1522476643374,-3.3997664,9.77792,-2.4995465
1522476643394,-4.4915223,10.457873,-1.7812861
1522476643413,-3.1986535,11.300632,1.8962077
1522476643433,-1.1300632,11.36767,2.96881
1522476643453,-0.6703765,12.421119,1.0055647
1522476643473,-1.292869,13.713987,0.1436521
1522476643493,-1.7621324,13.283031,-0.40222588
1522476643513,-1.6759412,10.927136,-0.62249243
1522476643533,-1.6663644,9.423578,-0.9768343
1522476643553,-3.0933087,8.944737,-0.6607997
1522476643573,-4.2999864,10.199299,1.2641385
1522476643593,-4.2042184,10.984597,2.528277
1522476643613,-4.367024,10.371682,1.6567876
1522476643634,-5.00867,11.21444,0.22984336
1522476643653,-3.715801,10.927136,0.23942018
1522476643673,-3.2944214,10.180145,1.0726024
1522476643693,-3.3806129,8.207323,1.3599066
1522476643713,-2.920926,7.345411,1.1204864
1522476643733,-1.4652514,7.422025,1.7046716
1522476643753,-2.0015526,6.6750345,0.9864111
1522476643773,-3.715801,3.86903,2.1260512
1522476643793,-1.9919758,5.8322754,5.439626
1522476643813,-1.934515,4.903325,4.003105
1522476643833,-2.3750482,4.0222588,2.8443117
1522476643853,-2.480393,3.2848446,2.4133554
1522476643873,-2.1164744,3.6487634,2.4708161
1522476648187,0.34476504,-4.357447,12.852075
1522476648206,1.8195933,-3.9360676,10.448297
1522476648226,0.8810662,-6.493075,5.6120086
1522476648246,-0.59376204,-3.9839516,8.90643
1522476648266,-1.4077905,-4.5202527,11.473015
1522476648286,-0.7182605,-4.5872903,10.160992
1522476648306,1.0726024,-5.4204726,9.059659
1522476648326,-2.873042,-2.4708161,10.534488
1522476648346,-2.2409728,-3.8881836,9.988609
1522476648366,-1.4652514,-4.6830587,9.739613
1522476648387,-3.5529952,-3.1986535,10.898406
1522476648406,0.6799533,-6.7612257,9.509769
1522476648426,-0.22026655,-4.548983,12.737153
1522476648447,-3.514688,-2.3942018,7.929596
1522476648549,-5.3821654,2.0973208,8.513782
1522476648561,-2.9113493,3.016694,8.42759
1522476648583,-3.4763808,2.3558946,8.686164
1522476648603,-2.2409728,1.8866309,7.967903
1522476648622,-3.514688,2.6527755,7.297527
1522476648642,-2.2697031,2.432509,8.2169
1522476648663,-2.3558946,2.2697031,6.8186865
1522476648684,-2.719813,3.8881836,6.0621185
1522476648703,1.3790601,1.7717092,6.6271505
1522476648721,-0.59376204,0.11492168,10.189722
1522476648748,-1.6567876,2.2888567,11.051635
1522476648766,-1.6280571,2.9113493,9.998186
1522476648784,-0.5554548,2.9783869,10.429143
1522476648801,0.7565677,0.93852705,9.481039
1522476648821,0.5554548,1.8387469,9.097966
1522476648845,1.3311762,2.5474305,8.130709
1522476648861,0.9672575,2.27928,7.8146744
1522476648881,0.038307227,2.825158,9.959879
1522476648901,-0.38307226,1.8004397,10.955867
1522476648921,2.183512,-0.48841715,10.955867
1522476648942,2.5187001,0.29688102,12.717999
1522476648962,-0.16280572,1.9728222,9.902418
1522476648981,-0.38307226,3.2273839,8.963891
1522476649001,-0.7182605,3.4093432,8.571242
1522476649021,-1.3694834,3.5529952,9.337387
1522476649043,-2.3080103,3.6391866,10.67814
1522476649061,-1.7046716,2.9017725,10.275913
1522476649081,0.47884035,2.4229321,8.408437
1522476649101,1.2449849,2.27928,7.9008656
1522476649121,0.8619126,2.1260512,8.647857
1522476649145,-0.37349546,2.4899697,9.854534
1522476649164,-0.30645782,2.0973208,10.524911
1522476649182,-0.48841715,1.5610195,9.260772
1522476649201,-1.3503298,2.9113493,7.680599
1522476649221,-1.5897499,2.384625,9.9790325
1522476649242,-1.4652514,1.6759412,10.831368
1522476649261,-1.388637,1.6280571,11.779472
1522476649281,-0.6991069,1.3503298,12.976573
1522476649301,-0.90979666,2.2601264,10.553641
1522476649322,-2.825158,3.2273839,7.240066
1522476649341,-2.7485435,3.1124623,7.9391727
1522476649361,-2.0111294,2.777274,8.925584
1522476649381,-0.94810385,2.1452048,8.418014
1522476649401,-0.16280572,2.384625,8.159439
1522476649421,-1.043872,2.815581,8.0924015
1522476649441,-1.4748282,3.0454245,9.097966
1522476649461,-1.3311762,2.767697,9.184157
1522476649481,-0.5650316,2.5474305,9.203311
1522476649501,-0.10534488,2.1643584,9.56723
1522476649521,0.05746084,2.1164744,9.854534
1522476649541,-0.06703765,2.2601264,9.691729
1522476649569,-0.6703765,2.6719291,9.959879
1522476649581,-0.7661445,2.5474305,9.969456
1522476649659,-0.6703765,2.4708161,9.528923
1522476649663,-0.7565677,2.4708161,9.634268
1522476649666,-0.63206923,2.4133554,9.624691
1522476649670,-0.25857377,2.4133554,9.346964
1522476649681,-0.50757074,2.5570073,9.3661175
1522476649702,-0.29688102,2.566584,9.155427
1522476649722,-0.15322891,2.5570073,8.916007
1522476649741,-0.6703765,2.3463178,9.701305
1522476649761,-0.5363012,2.2505496,9.758766
1522476649781,-0.7661445,2.1643584,10.352529
1522476649801,-0.63206923,2.030283,10.668563
1522476649821,-0.35434186,2.183512,9.998186
1522476649841,-0.59376204,2.4516625,9.739613
1522476649861,-0.7086837,2.6144683,9.481039
1522476649881,-0.78529817,2.5761611,9.14585
1522476649901,-0.91937345,2.5570073,9.32781
1522476649921,-0.7086837,2.231396,9.193734
1522476649941,-0.40222588,2.6144683,9.433155
1522476649960,-0.60333884,2.4133554,9.308656
1522476649981,-0.47884035,2.4133554,9.615114
1522476650000,-0.50757074,2.2984335,9.883265
1522476650020,-0.7086837,2.4708161,10.01734
1522476650041,-0.7278373,2.384625,9.787497
1522476650061,-0.5267244,2.528277,9.433155
1522476650081,-0.641646,2.5570073,9.251195
1522476650101,-0.62249243,2.4420857,9.423578
1522476650120,-0.6607997,2.384625,9.251195
1522476650141,-0.51714754,2.5091233,9.500193
1522476650161,-0.7661445,2.3175871,9.490616
1522476650181,-1.0247183,2.5570073,10.25676
1522476650201,-0.78529817,2.566584,9.931149
1522476650223,-0.58418524,2.4708161,9.519346
