1523209687500,-7.467217,-0.7806858,-2.1331415
1523209687513,-5.136766,-2.2876904,-1.8350391
1523209687521,-3.2198708,-1.9028453,-2.0549507
1523209687531,-2.5534167,-0.30482176,-2.2785273
1523209687538,-2.7036896,1.1307116,-2.375655
1523209687547,-3.1923819,1.0775663,-2.6224444
1523209687552,-3.3793066,0.10934488,-2.9138272
1523209687558,-3.097087,-0.9975429,-3.2119296
1523209687564,-2.0830505,-2.0427334,-3.1447344
1523209687571,-0.80939645,-2.107485,-2.5949554
1523209687575,0.19120082,-1.7513506,-1.9578232
1523209687582,0.98532563,-1.310306,-1.3182472
1523209687593,1.53205,-0.816116,-0.82650065
1523209687602,1.7837266,-0.35613444,-0.43493605
1523209687616,1.8044959,0.16920967,-0.14660765
1523209687624,1.7305813,0.6921103,-0.040317107
1523209687636,1.7281377,1.3610078,-0.08124508
1523209687646,1.9926424,2.2992969,-0.20158553
1523209687656,2.5784621,3.2528574,-0.3585779
1523209687666,3.0641,3.595553,-0.25900686
1523209687677,3.0017917,3.069598,0.20158553
1523209687686,2.0109684,1.0256428,0.76052725
1523209687697,0.84299403,-1.7195857,1.3243558
1523209687710,0.08857546,-4.5222354,1.8808541
1523209687718,-0.43127087,-6.5649686,2.3829854
1523209687728,-2.443461,-9.076847,3.0225613
1523209687738,-4.9718323,-5.3542337,3.3890803
1523209687749,-3.9180896,2.6719246,2.969416
1523209687759,-1.03786,6.8606277,2.6230555
1523209687771,1.4947872,8.731097,2.6590965
1523209687779,4.0262127,7.3016725,3.4880404
1523209687788,5.9938097,6.8985014,5.2503867
1523209687799,6.3481116,6.836193,6.2913013
1523209687805,6.096435,4.5674396,5.802609
1523209687816,6.422026,-0.38240165,4.002389
1523209687824,6.347501,-5.6908207,2.2119431
1523209687835,3.7152824,-6.5564165,1.0348058
1523209687847,-0.78801614,-0.18203785,0.64996064
1523209687858,-2.0708332,2.4373524,0.7837401
1523209687867,-1.96271,3.2021556,0.7831292
1523209687880,0.20769419,-0.03481932,0.5858198
1523209687890,4.280944,-4.2082505,0.54367006
1523209687899,6.209445,-4.5271225,-0.08735373
1523209687908,5.911343,-2.2626448,-1.0958922
1523209687920,4.004222,0.41783184,-1.518611
1523209687932,2.1636846,1.5338826,-1.2119566
1523209687945,0.7049385,1.2541064,-0.45631635
1523209687955,0.50335294,-0.19303341,0.39706242
1523209687967,1.1954633,-2.3054054,1.3310753
1523209687977,1.8497,-2.9205468,2.0060816
1523209687983,1.5577064,-1.4123205,2.32984
1523209687994,0.44776422,0.68477994,2.3805418
1523209688003,-0.64568454,1.4605788,1.8845193
1523209688014,-1.142318,0.79229224,1.1551461
1523209688020,-0.9755518,-0.1282817,0.13500121
1523209688029,-0.72692966,-0.33475417,-0.7996226
1523209688039,-0.9450085,-0.099571034,-1.7336355
1523209688049,-1.4850134,0.05681047,-2.6035078
1523209688059,-1.9315559,0.19486602,-3.2070425
1523209688070,-2.1526892,0.3652974,-3.4611626
1523209688085,-2.1514673,0.39645153,-3.3023374
1523209688094,-2.1600194,0.027488936,-2.856406
1523209688103,-2.207056,-0.46486846,-2.2290473
1523209688115,-2.2693644,-0.852157,-1.6511687
1523209688123,-2.456289,-1.5021176,-1.0622946
1523209688132,-2.574797,-1.9816469,-0.6230826
1523209688142,-2.6108382,-1.7788396,-0.3371976
1523209688153,-2.7030787,-1.428203,-0.13316862
1523209688163,-3.4293976,-0.77579886,0.03604105
1523209688180,-5.2974234,0.5656612,0.06169739
1523209688186,-6.917438,1.323745,-0.21135938
1523209688197,-7.4464474,0.5119051,-0.4728097
1523209688201,-6.0286293,-0.87109387,-0.5149594
1523209688210,-4.174042,-1.4532484,-1.3750577
1523209688220,-3.0396655,-0.42210788,-2.239432
1523209688230,-2.6218336,0.9034697,-2.28036
1523209688246,-2.388483,0.7892379,-2.720183
1523209688256,-2.02624,-0.2919936,-3.223536
1523209688264,-1.391551,-1.3720033,-3.531412
1523209688275,-0.589485,-2.0054705,-3.4526103
1523209688286,0.19058995,-2.1881194,-3.050661
1523209688295,0.81489426,-2.1875083,-2.50638
1523209688304,1.1624765,-2.1813998,-1.9138408
1523209688318,1.2791518,-2.121535,-1.3665055
1523209688326,1.2486086,-1.8460348,-0.9016371
1523209688340,1.2760975,-1.246776,-0.63529986
1523209688347,1.4966198,-0.29626966,-0.6010914
1523209688354,2.0109684,1.3622295,-0.7867944
1523209688362,2.801428,3.7476583,-1.0622946
1523209688372,3.4122932,5.5277195,-1.1123856
1523209688382,3.7598755,6.7806044,-0.82833326
1523209688396,3.1264083,6.5710773,-0.11056661
1523209688405,1.2131784,3.758043,0.85154617
1523209688415,-0.64812803,-1.0934488,1.9327776
1523209688426,-1.781894,-5.926004,3.1856623
1523209688438,-2.4129176,-9.804387,4.1123447
1523209688447,-3.336546,-11.769541,4.7720795
1523209688458,-5.4098225,-3.6114354,4.508796
1523209688465,-3.4061847,5.059186,3.8270707
1523209688475,0.8588765,8.618087,3.8185186
1523209688486,3.7201693,10.227716,4.8905873
1523209688496,5.3016996,10.847135,5.980982
1523209688507,5.773898,9.283319,5.8453693
1523209688522,5.89485,5.562539,4.4758096
1523209688530,6.021299,-0.6243043,2.4856107
1523209688538,5.4898458,-5.870415,1.0341948
1523209688546,4.5998154,-8.684671,0.3915646
1523209688557,2.5314255,-6.4519587,0.5558874
1523209688567,0.59742624,-1.6786577,1.2131784
1523209688578,-0.36102137,4.01033,1.6664404
1523209688587,0.37384954,6.1935625,1.568702
1523209688599,1.767844,5.0145926,1.3909402
1523209688606,5.5185566,-0.5864306,1.4801265
1523209688615,6.944316,-2.0635028,0.72387534
1523209688629,5.13982,-0.7733554,-0.29260445
1523209688639,2.6603181,-1.2968669,-0.5045747
1523209688649,0.38973203,-3.1270192,-0.24923302
1523209688660,-0.4636467,-4.5906525,0.06291912
1523209688667,-0.172264,-5.099503,0.26450464
1523209688678,1.3610078,-3.118467,0.4428773
1523209688688,2.7806585,0.84665924,0.66156703
1523209688699,2.5992317,2.8447995,0.88147855
1523209688711,0.5222898,1.8069394,1.1691961
1523209688723,-1.2327261,-0.26633725,1.2162327
1523209688729,-1.7220291,-1.8051068,0.79229224
1523209688740,-1.5968018,-2.5644124,0.045814894
1523209688750,-1.6212363,-2.1001546,-1.1826351
1523209688760,-2.0726657,-0.33414328,-2.1978931
1523209688770,-2.5509732,1.4789047,-2.833193
1523209688781,-2.6505444,2.58396,-2.723848
1523209688792,-2.5644124,2.9498682,-2.1203132
1523209688802,-2.6010642,2.8270843,-1.3494014
1523209688810,-2.6468792,2.7104092,-0.72082096
1523209688817,-2.6768115,2.392759,-0.20708331
1523209688828,-2.7507262,1.8173242,0.1685988
1523209688838,-2.9083295,0.97249746,0.3463606
1523209688848,-3.1196887,0.17592919,0.2846632
1523209688859,-3.2937853,-0.9602802,0.10140363
1523209688871,-3.2430835,-1.6835446,-0.034208454
1523209688882,-6.5393124,0.4978552,-1.1667526
1523209688893,-8.390845,1.4874569,-2.9278772
1523209688903,-6.104987,-0.10323623,-3.7659843
1523209688914,-2.883895,-0.22052236,-3.3011158
1523209688926,-1.428203,0.6426302,-3.0848694
1523209688932,-1.2315043,1.2333369,-3.3585372
1523209688941,-1.5161675,0.69027776,-3.7586539
1523209688956,-1.6951511,-0.5729916,-4.129449
1523209688968,-1.5961909,-1.9333885,-4.4122796
1523209688976,-1.0604621,-3.285844,-4.3078218
1523209688983,-0.18387043,-3.7971385,-3.7733147
1523209688993,0.689056,-3.5753944,-3.0787609
1523209689001,1.3494014,-3.1435125,-2.3463335
1523209689013,1.6261233,-2.8069258,-1.8637499
1523209689021,1.7800614,-2.1056526,-1.5900823
1523209689032,1.9456058,-0.8765916,-1.4239268
1523209689041,2.0879374,0.93218035,-1.2809844
1523209689054,2.3762658,3.4055738,-1.0665708
1523209689062,2.95109,5.866139,-0.77946407
1523209689073,3.249803,7.5173078,-0.15271631
1523209689082,2.0793853,6.592458,0.80573124
1523209689093,-0.07880162,2.1728477,1.9602666
1523209689102,-1.3322971,-2.9315424,3.291342
1523209689116,-1.505172,-6.81298,4.356691
1523209689125,-0.87964594,-8.686503,5.407379
1523209689133,-0.69027776,-9.173364,5.9363885
1523209689143,-2.9095511,-8.549059,6.614449
1523209689156,-5.381112,-0.75991637,6.932099
1523209689168,-5.797111,6.2754188,6.6480465
1523209689176,-1.967597,7.3138895,5.828265
1523209689186,2.4868324,7.182554,5.3572884
1523209689196,5.779396,7.4171257,4.963891
1523209689204,7.665748,6.0860505,3.7183368
1523209689220,8.482474,3.1221323,1.8240436
1523209689233,8.288219,-1.8283197,-0.15149458
1523209689241,6.9565334,-5.3914967,-1.1594223
1523209689252,4.7519207,-6.240599,-1.6236799
1523209689258,1.781894,-3.9095376,-1.500285
1523209689267,0.004276057,-0.7360926,-0.9932669
1523209689276,0.004886922,2.4813347,-0.3933972
1523209689286,0.8216137,4.9528956,-0.12644911
1523209689296,2.5014932,5.5912495,-0.12889257
1523209689310,4.26445,4.5588875,0.02687807
1523209689316,7.438506,0.68539083,0.60903263
1523209689333,6.935764,-0.21868975,0.4447099
1523209689339,3.8063014,-0.7171558,-0.34513888
1523209689354,0.99204516,-2.4086416,-0.04153884
1523209689360,-0.65301496,-3.752545,0.5332854
1523209689371,-0.7629707,-3.5271358,1.1838568
1523209689378,0.33292156,-0.874759,1.5839735
1523209689387,1.5204436,1.7574593,1.6108516
1523209689397,2.189341,2.7275133,1.5919148
1523209689408,1.5723672,1.3200798,1.5693128
1523209689414,0.0067195175,-0.8216137,1.5479325
1523209689426,-1.5534303,-2.5534167,1.3151928
1523209689440,-2.1618521,-2.8319712,0.7293731
1523209689452,-2.1209242,-1.8643607,-0.25473082
1523209689463,-1.8075503,-0.29626966,-1.4618006
1523209689473,-1.6377298,0.552833,-2.2156084
1523209689476,-1.5784758,1.1606439,-2.7482827
1523209689482,-1.645671,1.4269812,-2.6621506
1523209689492,-1.8099937,1.2394456,-2.1887302
1523209689502,-2.1551325,0.5448918,-1.5289958
1523209689513,-2.4898868,-0.15271631,-1.0030408
1523209689521,-2.791654,-0.8503244,-0.5235115
1523209689532,-2.837469,-0.7855727,-0.13072516
1523209689541,-2.7256808,-0.3213151,0.05009095
1523209689552,-2.6688702,-0.24190263,0.014660766
1523209689560,-2.629164,-0.5375614,-0.103847094
1523209689571,-2.5179865,-1.0079277,-0.24312437
1523209689586,-2.3451116,-1.3072516,-0.41722095
1523209689591,-5.345071,0.48624873,-1.0158689
1523209689604,-7.254025,2.1019874,-2.3487768
1523209689611,-4.7836857,-0.32070425,-3.2198708
1523209689622,-2.2235496,-0.86742866,-3.5650096
1523209689631,-1.061073,0.16249016,-3.3542612
1523209689639,-0.86376345,1.328021,-3.1123583
1523209689650,-1.1337659,1.3096951,-3.072652
1523209689661,-1.4666874,-0.22357668,-2.9480357
1523209689670,-1.8185458,-2.158187,-2.8325822
1523209689680,-1.9285016,-3.626707,-2.8350255
1523209689690,-1.3054191,-4.7952924,-2.6676486
1523209689700,-0.42271876,-4.4758096,-2.1875083
1523209689710,0.26083946,-3.6022723,-1.7421877
1523209689720,0.7623598,-2.9865203,-1.4428637
1523209689730,1.1441506,-2.483778,-1.2156218
1523209689740,1.5338826,-1.6878207,-1.010982
1523209689750,2.05434,-0.2742785,-0.8686504
1523209689761,2.5448647,1.5314392,-0.75502944
1523209689783,3.2632422,4.445877,-0.4783075
1523209689809,3.490484,6.690196,0.15149458
1523209689811,2.9425378,6.9650855,0.82833326
1523209689813,1.0824533,4.5362854,1.9657644
1523209689815,-0.39522982,0.40439278,3.1887167
1523209689826,-0.87598073,-3.5918877,4.2919393
1523209689830,-0.7855727,-6.2363234,5.067127
1523209689840,-1.5027285,-7.9882846,5.4232616
1523209689850,-5.4293704,-9.660834,5.987701
1523209689860,-9.613187,-0.84482664,6.352388
1523209689870,-7.7317214,6.06467,5.580865
1523209689880,-1.3127494,7.352985,4.5454483
1523209689890,4.3322563,8.957117,4.446488
1523209689900,7.1513996,8.855103,4.1233406
1523209689910,8.185595,6.574743,3.1123583
1523209689920,8.443379,2.7488935,1.6737708
1523209689930,7.992561,-2.2131648,0.26145032
1523209689940,6.329175,-6.9589767,-0.7012733
1523209689951,3.9406917,-7.7347755,-0.75686204
1523209689961,1.2644911,-4.7390924,-0.043982297
1523209689972,-0.24801129,-0.17348573,1.0684034
1523209689981,-0.36163223,3.594331,2.1471913
1523209689991,0.42149702,6.0115247,2.5680776
1523209690000,1.6267341,6.3022966,2.6639833
1523209690010,5.1520376,1.3182472,2.8270843
1523209690019,7.593055,-1.7611245,2.7464502
1523209690030,6.700581,-0.8588765,1.6737708
1523209690040,4.3066,-1.0763446,0.39278635
1523209690050,1.4727961,-2.638938,-0.5021312
1523209690066,-0.7067711,-3.631594,-0.84116143
1523209690077,-0.79229224,-3.6975672,-0.5717699
1523209690088,0.7812967,-1.2186762,0.25961772
1523209690097,2.1881194,0.81489426,0.6658431
1523209690107,2.7776043,1.3848315,0.8032878
1523209690115,1.8020525,0.092240654,0.9089675
1523209690125,-0.012217305,-1.2883148,1.0476339
1523209690136,-1.4672983,-1.9254472,0.829555
1523209690148,-1.7330247,-1.8930714,0.25411993
1523209690157,-1.2357804,-1.3304645,-0.6609562
1523209690168,-0.72387534,-0.5161811,-1.6969837
1523209690177,-0.8020661,0.21746802,-2.6035078
1523209690187,-1.2620476,0.6432411,-2.9132164
1523209690196,-1.9517145,0.9804387,-2.6340508
1523209690206,-2.3701572,0.88331115,-1.9443841
1523209690216,-2.6267207,0.5742133,-1.1991285
1523209690226,-2.7605,0.23579398,-0.634689
1523209690237,-2.669481,0.062308256,-0.25167647
1523209690251,-2.5851817,-0.64751714,-0.21319197
1523209690260,-2.597399,-1.885741,-0.18142697
1523209690268,-2.7128525,-2.6896396,-0.14477506
1523209690277,-2.92299,-3.3805282,-0.15393804
1523209690285,-3.4147367,-2.488054,-0.20952678
1523209690295,-6.170961,3.3353243,-0.79473567
1523209690306,-7.202101,4.7989573,-1.6285667
1523209690316,-4.4611487,0.9401216,-2.4501805
1523209690326,-2.3261747,0.6939429,-3.4153476
1523209690336,-0.95111716,2.0751092,-4.143499
1523209690350,-0.08857546,3.1251867,-4.4525967
1523209690360,-0.20158553,1.2895365,-4.764138
1523209690369,-0.93767816,-1.7696766,-4.8576
1523209690380,-1.7140878,-4.071417,-4.704884
1523209690389,-2.2534819,-4.7849073,-4.2858305
1523209690398,-2.1380284,-4.251622,-3.5240817
1523209690406,-0.870483,-3.626707,-2.4782803
1523209690416,0.31398472,-3.0079005,-1.6401732
1523209690425,1.0629056,-2.4807239,-1.001819
1523209690437,1.3768903,-1.8881844,-0.54733527
1523209690449,1.459968,-0.9957104,-0.10323623
1523209690460,1.5008959,0.23518312,0.2883284
1523209690471,1.6743816,1.3432927,0.6768387
1523209690479,2.039679,2.5277603,1.0366384
1523209690490,2.411696,3.7916405,1.4135422
1523209690499,2.1068742,4.234518,1.8869628
1523209690510,0.3567453,2.92299,2.266921
1523209690519,-1.6792686,-0.044593163,2.6951375
1523209690530,-2.8099802,-3.4648278,3.378085
1523209690543,-2.9578094,-6.3890395,4.3041563
1523209690554,-2.5809057,-7.5411315,4.9076915
1523209690560,-2.2974641,-8.98766,5.362786
1523209690572,-3.123354,-2.7104092,5.1874676
1523209690580,-2.864958,6.4953303,4.5350637
1523209690590,-0.893085,12.227078,3.1392365
1523209690600,3.8960986,10.379822,2.071444
1523209690614,7.317555,7.6596394,2.651766
1523209690621,8.509964,5.289482,2.6413813
1523209690632,8.269894,1.2198979,1.427592
1523209690640,6.87651,-2.8906143,-0.42210788
1523209690653,2.842356,-3.9095376,-2.1594086
1523209690661,0.12095132,-3.9406917,-2.615725
1523209690676,-1.251052,-2.8973339,-2.0317378
1523209690683,-1.4850134,-0.7635816,-0.9621128
1523209690694,-0.61941737,2.0885482,0.064751714
1523209690702,1.7324139,4.8123965,1.2718215
1523209690712,4.2723913,5.2619934,2.3530529
1523209690721,6.872234,2.6780334,2.9449813
1523209690731,8.031045,0.29626966,2.8985555
1523209690741,6.542367,0.36346483,2.1997259
1523209690752,3.4758232,0.17715092,0.93218035
1523209690760,0.5589417,-2.0683897,0.38240165
1523209690769,-0.7122689,-4.3499713,0.61941737
1523209690784,-0.44409904,-5.6144624,1.0207558
1523209690795,1.1087204,-3.6291504,1.2815952
1523209690800,2.6468792,0.3640757,1.1166617
1523209690810,3.182608,3.2333097,0.61086524
1523209690820,2.2375994,2.379931,0.26511553
1523209690833,0.25778514,-0.7257079,0.27550024
1523209690842,-1.0543534,-2.665205,0.5564982
1523209690851,-1.6132951,-3.8154643,0.70371675
1523209690864,-1.4618006,-3.8869355,0.39095375
1523209690873,-1.1887437,-2.3371704,-0.44532076
1523209690886,-1.3164146,-0.4831944,-1.3390167
1523209690899,-1.7037032,0.62125,-1.9230038
1523209690906,-2.2504275,1.237613,-1.894904
1523209690918,-2.6548204,1.219287,-1.4330899
1523209690925,-3.0567696,0.6914995,-0.9419542
1523209690934,-3.5344663,-0.19425514,-0.4550946
1523209690944,-3.6157115,-1.0916162,0.08979719
1523209690953,-3.1856623,-1.1087204,0.56138515
1523209690970,-2.6700919,-0.6041457,0.84238315
1523209690980,-2.3628268,-0.29810223,0.7257079
1523209690984,-2.379931,-0.47219884,0.3371976
1523209690992,-2.452013,-1.0189233,-0.17287487
1523209691001,-2.8973339,-1.3738359,-0.9896017
1523209691012,-7.1263537,0.036651913,-2.8435776
1523209691022,-9.035918,-0.15454891,-4.0860777
1523209691035,-7.9614067,-1.069625,-2.992018
1523209691044,-5.497176,-0.96577793,-1.2290609
1523209691057,-3.9376373,-0.10629055,-0.60903263
1523209691065,-3.155119,1.3347405,-0.4905248
1523209691077,-2.5607471,2.2589796,-1.0158689
1523209691087,-1.6169603,1.1343768,-1.8515326
1523209691097,-0.5748242,-0.6560693,-2.5057693
1523209691107,0.31520647,-1.8820758,-2.7855456
1523209691118,0.93034774,-2.3518312,-2.7782152
1523209691128,1.1606439,-2.3463335,-2.6053402
1523209691138,1.1343768,-2.0818288,-2.3047945
1523209691146,0.9810496,-1.6664404,-1.9914207
1523209691156,0.8509353,-1.1850786,-1.817935
1523209691166,0.8582657,-0.39645153,-1.8112154
1523209691176,1.0775663,0.59437186,-2.0140228
1523209691192,1.6303993,2.1025982,-2.452013
1523209691200,2.4636195,4.021326,-2.7452285
1523209691208,3.2351422,5.349347,-2.6230555
1523209691217,3.7024543,5.706703,-2.0372355
1523209691227,3.2479706,4.9394565,-1.087951
1523209691238,1.9645426,2.3945918,0.19425514
1523209691248,1.0183123,-0.7538077,1.3628404
1523209691259,0.31887165,-3.5289686,2.2626448
1523209691267,-0.81245077,-6.192341,2.9767463
1523209691278,-2.3829854,-8.496525,3.444669
1523209691288,-5.575978,-7.7622647,3.7336085
1523209691298,-7.122689,1.0439687,3.2467487
1523209691310,-3.4202344,6.0811634,2.2009475
1523209691323,0.26450464,5.643173,1.9633209
1523209691332,2.6224444,3.803247,3.2406402
1523209691342,3.9040399,6.096435,4.6975536
1523209691354,4.7696357,8.693834,5.381112
1523209691364,6.772663,6.486167,4.3310347
1523209691371,8.082969,2.5460863,3.2210925
1523209691389,7.8435097,-2.1001546,2.0598376
1523209691398,3.6053267,-3.1410692,0.91629785
1523209691403,0.49602258,-2.4569001,0.44959682
1523209691407,-0.45998153,-0.7672467,0.9621128
1523209691417,-0.09712757,0.5766568,1.8002199
1523209691427,0.6200282,1.6560557,2.4923303
1523209691440,1.8454239,1.785559,2.7177396
1523209691454,5.0023756,-0.0018325958,2.2589796
1523209691464,6.283971,-0.4147775,1.0005972
1523209691475,4.990158,0.915687,-0.33658674
1523209691484,2.3738225,0.36346483,-0.5119051
1523209691496,0.2932153,-1.2993103,0.02565634
1523209691508,-0.4642576,-2.3145685,0.7464773
1523209691518,0.04886922,-1.9144517,1.4031575
1523209691530,1.2437216,-0.25534168,1.9333885
1523209691541,1.6615535,1.4776831,2.1881194
1523209691551,1.0360274,2.5802948,2.3640485
1523209691561,-0.08002335,2.3994787,2.2632558
1523209691565,-0.8564331,1.3701707,1.7079792
1523209691570,-0.9419542,0.062308256,0.8949176
1523209691581,-0.57604593,-1.2846496,-0.28405234
1523209691591,-0.57726765,-1.3891076,-1.350623
1523209691602,-0.9914343,0.19364429,-2.5864034
1523209691612,-1.2162327,1.5809193,-3.7140608
1523209691624,-1.3793337,2.0751092,-4.6138654
1523209691636,-1.5900823,1.9504927,-4.981606
1523209691650,-1.8613064,1.2767084,-4.8838677
1523209691657,-2.1838431,0.11728613,-4.361578
1523209691667,-2.4269676,-1.1337659,-3.6004398
1523209691681,-2.4538457,-1.9034561,-2.7452285
1523209691689,-2.456289,-2.8295279,-1.8771889
1523209691697,-2.4416285,-3.4965928,-1.2669345
1523209691713,-2.5320365,-3.717726,-0.83199847
1523209691720,-2.6090055,-3.821573,-0.49480084
1523209691729,-2.5320365,-3.345098,-0.08552113
1523209691737,-4.111734,0.35369098,-0.13744467
1523209691748,-5.7494636,3.7274997,-1.5601498
1523209691757,-3.86189,0.9425651,-2.6083946
1523209691766,-2.7812696,-1.3891076,-2.7421741
1523209691776,-2.457511,-2.0054705,-2.5173757
1523209691791,-2.5405886,-1.4850134,-2.275473
1523209691797,-2.6755898,-0.6621779,-2.1997259
1523209691803,-2.6957483,-0.8399397,-2.330451
1523209691813,-2.1587977,-2.252871,-2.579073
1523209691822,-0.93767816,-3.0127873,-2.6493225
1523209691832,-0.03176499,-2.7769935,-2.4544566
1523209691844,0.82344633,-2.1093178,-1.921782
1523209691855,1.2522738,-1.7110336,-1.3982705
1523209691866,1.4477507,-1.6603317,-0.9975429
1523209691876,1.5540411,-1.5515977,-0.7348709
1523209691886,1.6542231,-0.87781334,-0.5448918
1523209691895,1.8619173,0.31764993,-0.44776422
1523209691905,2.1331415,1.9859229,-0.3286455
1523209691917,2.3328943,3.9040399,-0.116675265
1523209691926,2.307849,5.8270435,0.2950479
1523209691936,1.6621643,6.002362,0.86315256
1523209691946,0.51007247,3.9510765,1.6310102
1523209691957,-0.31398472,0.43127087,2.706744
1523209691965,-0.48380527,-2.8680124,3.7977493
1523209691976,-0.33536503,-5.529552,4.5313983
1523209691985,-0.6994407,-7.882605,4.687169
1523209691998,-3.2516358,-11.054829,4.9437323
1523209692010,-5.4550266,-6.401868,4.8905873
1523209692018,-4.5210137,3.2650747,4.191757
1523209692027,-1.3591752,8.929017,3.354872
1523209692038,2.204002,9.643729,3.2571335
1523209692047,4.7580295,9.12144,4.1153994
1523209692058,5.4562483,8.294939,4.714658
1523209692074,5.114164,6.2888575,4.3322563
1523209692079,4.5717154,2.874121,3.1758883
1523209692089,4.0402627,-2.0549507,1.7037032
1523209692096,3.5118642,-6.511213,0.9468411
1523209692105,3.2308662,-8.206364,0.84482664
1523209692114,2.8845057,-6.8429127,1.1704178
1523209692126,1.9633209,-1.4404203,1.649947
1523209692135,1.5613716,3.689626,1.8643607
1523209692145,2.3188446,5.5790324,1.6291776
1523209692157,3.414126,4.0952406,1.5131133
1523209692173,5.837428,-1.6603317,1.7165314
1523209692181,5.8875194,-3.627318,1.3720033
1523209692192,4.079358,-2.850908,0.64812803
1523209692204,1.6609426,-2.9040534,0.5174029
1523209692215,0.16920967,-3.213762,0.7629707
1523209692223,0.02076942,-2.4733934,1.151481
1523209692234,1.3274102,-0.25778514,1.3420709
1523209692243,2.5937338,1.3775011,1.4062119
1523209692255,2.6401596,0.93279123,1.3677273
1523209692265,0.88086766,-0.44532076,1.473407
1523209692279,-1.2412782,-0.8191703,1.6823229
1523209692287,-2.362216,0.017104227,1.5601498
1523209692298,-2.0231857,0.88331115,0.86254174
1523209692310,-1.0549643,1.2565498,-0.06352998
1523209692319,-0.32925636,0.96944314,-0.9602802
1523209692325,-0.2706133,0.5155703,-1.8832976
1523209692333,-0.7360926,0.45814893,-2.9626966
1523209692343,-1.3585643,0.70005155,-3.7201693
1523209692353,-1.9339994,0.96577793,-4.0262127
1523209692363,-2.3738225,0.86926126,-3.7739255
1523209692373,-2.6236663,0.49602258,-3.140458
1523209692392,-2.7232373,-0.029321533,-2.389705
1523209692399,-2.9174924,-1.0451905,-1.6487253
1523209692404,-3.0592132,-2.058005,-0.9786061
1523209692412,-3.3292155,-2.443461,-0.5363397
1523209692423,-3.7299433,-3.109915,-0.24984388
1523209692433,-3.87594,-2.6309967,0.1966986
1523209692443,-5.8728585,0.93401295,0.34513888
1523209692453,-6.6944723,2.5864034,-0.23823744
1523209692466,-4.6566257,1.350623,-1.4495832
1523209692477,-3.2656856,1.2186762,-2.7030787
1523209692490,-2.5185974,1.8729129,-3.167947
1523209692501,-2.1789563,2.2131648,-3.2724051
1523209692508,-2.0836613,1.8026633,-3.2632422
1523209692521,-2.13925,0.6224717,-3.3041701
1523209692528,-2.2821925,-1.1588113,-3.44528
1523209692540,-2.2033908,-2.7311785,-3.3976326
1523209692547,-1.6859881,-3.5778377,-2.9394836
1523209692560,-1.0024298,-3.2693508,-2.375655
1523209692568,-0.20586158,-2.6554313,-1.7250835
1523209692583,0.35124752,-2.2333233,-1.2626585
1523209692595,0.75808376,-1.9156734,-0.97249746
1523209692604,1.1142182,-1.396438,-0.8216137
1523209692613,1.6450601,-0.4801401,-0.79901177
1523209692624,2.3096814,1.0128145,-0.8381071
1523209692633,3.015231,2.8906143,-0.7770206
1523209692643,3.3744197,4.886922,-0.57848936
1523209692649,3.3646457,5.888741,-0.27122417
1523209692658,2.85213,4.8252244,0.4538729
1523209692669,1.8093829,1.5442673,1.3646729
1523209692679,0.91996306,-2.8851166,2.4514022
1523209692694,0.59620446,-5.39394,3.2485814
1523209692703,-0.33658674,-7.580227,3.8722749
1523209692714,-3.114802,-10.22283,4.5259004
1523209692725,-8.412836,-3.458719,4.353026
1523209692732,-6.2583146,5.258328,3.3206635
1523209692744,-1.8564194,7.9033747,2.4330764
1523209692752,2.2174408,7.6266527,2.0793853
1523209692759,5.0066514,3.2357533,3.100141
1523209692774,6.7720523,4.057367,4.679228
1523209692786,6.7616673,4.7665815,4.6987753
1523209692793,6.698748,2.7250698,3.140458
1523209692800,6.4886107,-1.5149459,1.4471397
1523209692809,5.222287,-5.6712728,0.119729586
1523209692819,2.3194554,-4.4000626,-0.516792
1523209692830,0.20525073,-0.9682214,-0.5681047
1523209692843,0.007330383,2.3261747,0.14966199
1523209692854,0.77579886,4.2418485,1.128879
1523209692864,1.8332067,4.7122145,2.1203132
1523209692874,3.853338,1.9859229,2.9315424
1523209692885,5.949217,-1.8167132,3.2082644
1523209692894,5.9424973,-2.2540927,2.2119431
1523209692904,3.3762522,-0.40622538,0.44165558
1523209692916,0.9932669,-0.4288274,0.15699236
1523209692927,-0.51251596,-1.7910569,0.7128797
1523209692936,-0.48624873,-2.71102,1.5613716
1523209692946,0.61819565,-1.6896533,1.9004018
1523209692956,1.7739527,0.20219639,1.7073684
1523209692966,1.5131133,1.613906,1.2095132
1523209692979,0.03176499,1.831374,0.9285152
1523209692990,-1.368949,1.6450601,0.8576548
1523209692996,-1.8356501,1.1991285,0.6072
1523209693006,-1.4844025,0.4147775,0.0061086523
1523209693017,-1.0567969,-0.68111473,-1.0665708
1523209693029,-1.2076806,-0.9932669,-2.4452937
1523209693037,-1.278541,-0.03359759,-3.6248744
1523209693048,-1.1777482,0.80939645,-4.5796566
1523209693057,-1.1233811,1.3231341,-5.2161784
1523209693068,-1.3078625,1.5198327,-5.462968
1523209693079,-1.9834795,1.3176364,-5.2919254
1523209693097,-3.0518827,0.20219639,-4.710993
1523209693103,-3.743993,-1.2767084,-3.9150352
1523209693109,-3.9223657,-2.2540927,-2.9205468
1523209693116,-3.8918226,-2.8350255,-2.0690005
1523209693125,-3.716504,-2.9272664,-1.5558738
1523209693136,-3.5057557,-2.4801128,-1.2492194
1523209693146,-3.004846,-1.8442022,-0.852157
1523209693156,-2.8417451,-1.0867293,-0.36896262
1523209693166,-4.0237694,2.5674667,-0.84849185
1523209693178,-2.4294112,1.5717562,-2.0506747
1523209693188,-1.6615535,-0.59131753,-3.7586539
1523209693198,-1.7947221,-1.219287,-3.9015963
1523209693211,-2.1642957,-0.7556403,-3.3078353
1523209693220,-2.5271494,-0.24740042,-2.7476718
1523209693234,-2.6468792,-0.73426,-2.4966063
1523209693245,-2.5961773,-1.6982054,-2.4776695
1523209693252,-1.5986344,-2.5998425,-2.4361305
1523209693260,-0.36346483,-2.4514022,-2.1459696
1523209693272,0.50762904,-1.9468275,-1.6713274
1523209693282,0.9810496,-1.9572122,-1.2034045
1523209693291,1.219287,-2.1013765,-0.91324353
1523209693305,1.4495832,-1.9456058,-0.75991637
1523209693316,1.8051068,-1.1985176,-0.6768387
1523209693324,2.3109033,0.23640485,-0.63346726
1523209693336,2.7146852,2.3341162,-0.48258355
1523209693345,2.728735,5.1520376,-0.08368854
1523209693356,2.3115141,6.923547,0.5180137
1523209693365,1.6285667,6.354831,1.4416419
1523209693379,0.8729264,3.0775392,2.7305677
1523209693387,0.8436049,-0.57787853,4.206418
1523209693393,1.1661417,-4.006665,5.1789155
1523209693402,1.2205088,-5.7641244,5.3890533
1523209693411,-0.68233645,-8.875261,5.0384164
1523209693421,-4.075693,-10.563693,5.050634
1523209693437,-7.9174247,-3.177721,4.718323
1523209693445,-5.775731,4.7470336,3.7555995
1523209693457,-1.672549,7.629096,2.430022
1523209693466,2.6273315,6.228382,2.3133466
1523209693476,4.9803843,6.3804874,3.287066
1523209693486,5.9815927,7.2418075,4.2943826
1523209693497,5.8362064,6.415918,4.2369614
1523209693508,5.6193495,3.1978796,3.399465
1523209693518,5.212513,-1.047023,2.4788911
1523209693526,4.4635925,-4.6761737,1.808772
1523209693537,2.7122416,-5.78917,1.3970488
1523209693548,1.0396926,-3.2027664,1.1765264
1523209693562,0.5864306,0.3286455,1.1215485
1523209693567,1.29198,2.6395488,1.3744467
1523209693575,2.7421741,2.8283062,1.7916678
1523209693583,3.8875463,1.8619173,2.2003367
1523209693598,5.3841662,-1.6835446,2.362216
1523209693604,4.4892488,-1.9254472,1.4135422
1523209693614,2.5778513,-2.1954496,0.784351
1523209693624,0.9584476,-3.2302554,0.8173377
1523209693636,0.0580322,-3.68535,0.9114109
1523209693644,-0.095294975,-3.0066788,0.9602802
1523209693654,0.63529986,-1.2473868,0.87109387
1523209693666,2.021353,0.8949176,0.698219
1523209693675,2.5851817,1.4379768,0.5222898
1523209693687,1.65911,0.5516113,0.5534439
1523209693696,-0.124005646,-0.59498274,0.77518797
1523209693707,-1.5070046,-1.2052372,0.88086766
1523209693717,-1.9407189,-1.0848967,0.41050145
1523209693728,-1.6560557,-0.61941737,-0.5888741
1523209693738,-1.4043792,-0.11056661,-1.700038
1523209693748,-1.4001031,0.4972443,-2.723848
1523209693758,-1.591304,1.1252137,-3.5094209
1523209693768,-1.8600847,1.486846,-3.6193767
1523209693779,-2.1789563,1.4758505,-3.2363641
1523209693788,-2.5350907,0.99021256,-2.5130997
1523209693800,-2.8368583,0.20891592,-1.641395
1523209693808,-2.8753426,-0.41233405,-0.72692966
1523209693818,-2.7433958,-0.6542367,-0.17654006
1523209693830,-2.6865854,-1.2357804,0.093462385
1523209693842,-2.6725354,-1.813048,0.13072516
1523209693848,-2.751337,-2.5466971,-0.047647487
1523209693859,-3.5234706,-2.4007003,-0.43249258
1523209693869,-6.148359,0.79168135,-1.1612549
1523209693880,-7.8936005,3.155119,-1.9669861
1523209693890,-6.632164,2.0360138,-2.2461514
1523209693901,-3.6920695,0.020158553,-2.2950208
1523209693909,-2.5534167,-0.01282817,-2.6108382
1523209693920,-2.0842721,0.8344419,-2.5051584
1523209693930,-1.9468275,1.2186762,-2.4263568
1523209693940,-1.9077321,0.54305923,-2.6487117
1523209693948,-1.781894,-1.0201449,-2.8319712
1523209693960,-1.4575244,-2.6340508,-2.8667905
1523209693968,-0.95722586,-3.6505308,-2.6633725
1523209693979,-0.30665436,-3.7097847,-2.2143865
1523209693990,0.40378192,-2.9773571,-1.6872098
1523209694000,0.79229224,-2.3542747,-1.351234
1523209694012,0.9651671,-1.8796324,-1.1911873
1523209694022,1.1123856,-1.3842206,-1.1539245
1523209694029,1.4214834,-0.46609017,-1.260215
1523209694038,1.894904,1.0079277,-1.4129313
1523209694052,2.5705209,3.5546248,-1.4905112
1523209694060,3.2632422,5.9125648,-1.351234
1523209694071,3.6505308,7.089702,-0.86376345
1523209694080,3.114191,6.056118,0.0720821
1523209694089,2.003638,2.4153612,1.2596041
1523209694098,1.2760975,-1.9792033,2.574186
1523209694115,1.201572,-4.5051312,3.4214563
1523209694124,1.0824533,-5.6963186,3.8038578
1523209694134,-0.8546005,-8.173377,4.169766
1523209694140,-5.108055,-7.163006,4.4214425
1523209694149,-8.108014,0.94806284,4.383569
1523209694158,-6.2717533,7.1550646,3.7317758
1523209694169,-1.1215485,5.407379,2.519819
1523209694180,3.7134497,1.6951511,2.3829854
1523209694191,6.8239756,3.042109,3.3438764
1523209694200,8.286387,4.488027,3.8588357
1523209694211,9.138544,3.4104607,3.2479706
1523209694221,8.878316,1.0122037,2.1868975
1523209694232,5.8178806,-0.7690793,1.078788
1523209694243,0.5369505,0.883922,0.5589417
1523209694256,-1.4575244,2.0622811,0.8906415
1523209694269,-1.7336355,3.009733,1.5436565
1523209694274,-1.0366384,3.663359,2.1239784
1523209694282,0.59681535,2.9950724,2.234545
1523209694294,4.6523495,-3.9425242,2.375044
1523209694322,7.0426655,-6.830695,1.5601498
1523209694328,7.4910407,-6.4806695,0.21868975
1523209694339,4.9425106,3.1923819,-1.9486601
1523209694346,3.0641,4.9535065,-2.5289822
1523209694359,1.6126842,1.2907583,-1.5088371
1523209694366,0.6249151,-2.2779164,-0.15210545
1523209694378,0.31887165,-3.49476,1.1026118
1523209694384,0.5815437,-1.8319849,1.9724839
1523209694393,0.6750061,-0.09773844,2.2363777
1523209694400,0.26267207,0.23945917,2.0512855
1523209694405,-0.46181414,-0.70738196,1.4746287
1523209694413,-1.0439687,-1.6395624,0.65240407
1523209694422,-1.210735,-2.0433443,-0.32070425
1523209694433,-1.3359623,-1.4978416,-1.4569136
1523209694443,-1.6279559,-0.4196644,-2.3212879
1523209694453,-1.8869628,0.5363397,-2.724459
1523209694465,-2.0696115,1.1624765,-2.733622
1523209694476,-2.111761,1.138042,-2.4153612
1523209694485,-2.1826215,0.57543504,-1.9230038
1523209694497,-2.4055874,-0.42271876,-1.3738359
1523209694508,-2.5900686,-1.2443326,-0.8790351
1523209694518,-2.5998425,-1.3310753,-0.50579643
1523209694529,-2.5265386,-0.9059132,-0.39522982
1523209694539,-2.6236663,-1.2724323,-0.5821546
1523209694550,-2.7165177,-1.8423696,-0.77213365
1523209694559,-3.2113185,-2.0060816,-1.1136073
1523209694568,-5.222898,0.016493361,-1.6303993
1523209694579,-7.053661,2.2174408,-2.1087067
1523209694588,-6.578408,2.973692,-2.6670377
1523209694600,-3.5014796,1.2577715,-2.9639182
1523209694610,-2.1288655,-0.014660766,-3.059824
1523209694619,-1.8478674,-0.37323865,-2.9345965
1523209694628,-2.0916026,0.11728613,-2.7232373
1523209694639,-2.3475552,0.6719518,-2.5857925
1523209694648,-2.3903158,0.6414085,-2.5222626
1523209694659,-2.248595,-0.46486846,-2.4868324
1523209694668,-1.241889,-3.0665436,-2.4013114
1523209694679,-0.36774087,-4.1960335,-2.1270328
1523209694689,0.4783075,-3.8777726,-1.6701056
1523209694700,1.0641272,-2.9901853,-1.219287
1523209694708,1.3261884,-2.2333233,-0.85154617
1523209694719,1.4031575,-1.5705346,-0.66950834
1523209694730,1.5021176,-0.8594874,-0.6444628
1523209694740,1.7275269,0.21930063,-0.7611381
1523209694751,2.0360138,1.9486601,-0.8417723
1523209694759,2.4917192,4.7354274,-0.77763146
1523209694768,2.787989,6.880786,-0.5235115
1523209694780,2.439185,7.4458365,0.124005646
1523209694796,1.2681563,5.4916787,1.215011
1523209694801,0.25717425,0.68661255,2.8747318
1523209694806,0.2510656,-3.4300084,4.352415
1523209694817,0.23762658,-6.739065,5.345071
1523209694828,-0.3463606,-9.100671,5.643784
1523209694838,-2.2748623,-10.015136,5.9412756
1523209694850,-7.7940297,-1.2840388,6.0255747
1523209694861,-7.997448,7.098865,5.586363
1523209694868,-3.100141,8.3096,4.296215
1523209694878,2.366492,5.551543,3.7586539
1523209694888,6.0671134,4.1007385,4.529566
1523209694898,7.6248198,4.9565606,5.0836205
1523209694908,7.5472403,4.8795915,4.169766
1523209694922,7.070154,2.1368067,2.262034
1523209694933,6.1813455,-1.7886134,0.71776664
1523209694940,4.6022587,-4.6346345,-0.32559118
1523209694948,1.9028453,-3.6884043,-0.90224797
1523209694960,0.056199603,-1.0598512,-1.0897835
1523209694967,-0.16249016,2.3457224,-0.9077458
1523209694978,0.6969972,4.8160615,-0.35002577
1523209694989,2.211332,5.5417695,0.18570304
1523209695000,5.2216763,2.5680776,1.2082914
1523209695011,7.542964,-1.1148291,2.121535
1523209695022,6.087883,-0.5717699,1.4770721
1523209695032,2.6896396,-0.5045747,0.32559118
1523209695042,0.06658431,-2.4043655,0.07513642
1523209695053,-1.0989466,-3.8606684,0.35063666
1523209695062,-0.7641924,-3.9645154,0.87109387
1523209695073,0.89858276,-2.0476203,1.2773192
1523209695083,2.1337523,0.27366763,1.4343116
1523209695094,2.2864685,1.3713925,1.486846
1523209695103,0.8350528,0.6640105,1.5503759
1523209695114,-0.8753699,-1.0195341,1.4831808
1523209695123,-1.954158,-2.0922134,1.1924089
1523209695134,-2.0922134,-1.9816469,0.36102137
1523209695148,-1.5760323,-0.6731735,-0.9718866
1523209695166,-1.2217305,0.77763146,-2.2840252
1523209695177,-1.2809844,1.455081,-3.1612277
1523209695188,-1.609019,1.4972308,-3.4220672
1523209695194,-1.9407189,1.0855075,-3.0573804
1523209695205,-2.2021692,0.52473325,-2.4397957
1523209695212,-2.4758368,-0.21746802,-1.7012597
1523209695219,-2.7128525,-0.90285885,-1.1117748
1523209695223,-2.8893926,-1.3341297,-0.61636305
1523209695232,-2.9162707,-1.2186762,-0.31703907
1523209695242,-2.8942795,-1.1136073,-0.35124752
1523209695252,-2.8985555,-1.5540411,-0.5338962
1523209695262,-2.805704,-2.1025982,-0.7519751
1523209695273,-3.150232,-2.189341,-1.1252137
1523209695286,-5.3139167,0.40561453,-1.7318029
1523209695297,-7.098865,2.9455922,-2.3426683
1523209695306,-6.745174,2.8252518,-2.8069258
1523209695317,-3.5051448,-0.204029,-2.5589144
1523209695327,-1.7708983,-1.2486086,-2.58396
1523209695337,-1.3487904,-0.915687,-2.6719246
1523209695346,-1.491733,-0.108123146,-2.5002716
1523209695357,-1.6303993,0.044593163,-2.4990497
1523209695365,-1.7892243,-0.36346483,-2.5369234
1523209695379,-1.8106046,-1.105666,-2.447737
1523209695385,-1.070236,-2.4764478,-2.2968533
1523209695395,-0.17654006,-3.2388074,-2.0372355
1523209695403,0.50823987,-3.1282408,-1.6762142
1523209695413,0.93828905,-2.6505444,-1.2211196
1523209695423,1.1386528,-2.2412646,-0.784351
1523209695433,1.2394456,-1.6749926,-0.39461896
1523209695446,1.4587462,-0.8191703,-0.1966986
1523209695456,1.8997909,0.5326745,-0.27672195
1523209695467,2.4190264,2.2363777,-0.45875978
1523209695479,3.164282,4.238794,-0.49357912
1523209695487,3.7140608,5.3750033,-0.20219639
1523209695498,3.4642167,4.6138654,0.50518554
1523209695508,2.1288655,2.1209242,1.3897184
1523209695519,0.8350528,-0.7470882,2.2504275
1523209695528,0.19425514,-3.3096678,3.0476067
1523209695538,-0.2779437,-5.503285,3.563788
1523209695543,-2.0451767,-8.419556,3.6517525
1523209695553,-5.336519,-9.737192,4.10196
1523209695563,-5.874691,-0.98837996,3.9553525
1523209695573,-3.1978796,7.0915346,3.1074715
1523209695584,-0.5693264,10.927769,2.189341
1523209695593,2.8313603,8.193536,2.2009475
1523209695607,5.635232,3.6322048,3.6786306
1523209695617,6.6523223,3.82646,5.0176473
1523209695626,6.573521,4.794681,4.6981645
1523209695637,6.782437,2.2204952,2.7550023
1523209695648,6.3847637,-2.5173757,0.62858033
1523209695662,3.8906007,-4.4642034,-0.9193522
1523209695669,-0.10140363,-2.4929411,-1.6511687
1523209695684,-1.6108516,0.19242255,-1.0965031
1523209695695,-1.0519099,2.0665572,-0.059864793
1523209695703,0.29077184,3.5069773,1.2290609
1523209695706,3.25469,1.8796324,2.56991
1523209695714,6.3132925,-1.3738359,3.2058208
1523209695724,7.3816957,-3.4550538,2.3829854
1523209695734,5.934556,-2.4239132,1.0177015
1523209695745,2.5558603,1.541213,-0.2657264
1523209695754,0.14049901,2.2681427,-0.5662721
1523209695767,-0.45142943,0.03359759,0.10567969
1523209695774,0.1563815,-2.4422393,1.3817772
1523209695784,0.9602802,-2.3060162,2.026851
1523209695794,1.6358972,-0.44043383,2.1203132
1523209695804,1.8191566,1.382388,1.7037032
1523209695821,1.391551,1.5839735,0.8509353
1523209695828,0.41722095,-0.059864793,-0.004276057
1523209695839,-0.41783184,-1.5815301,-0.27183503
1523209695853,-1.1215485,-2.3805418,-0.45998153
1523209695861,-1.4434745,-2.0916026,-1.2412782
1523209695869,-1.4147639,-0.96761054,-2.2852468
1523209695880,-1.2956452,0.15149458,-3.2791247
1523209695889,-1.3371841,0.59864795,-3.7201693
1523209695899,-1.6633861,0.5357288,-3.6725218
1523209695908,-2.298075,0.07696902,-3.155119
1523209695917,-2.9651399,-0.70066243,-2.39337
1523209695930,-3.4513886,-1.3029755,-1.5479325
1523209695939,-3.684739,-1.4135422,-0.8753699
1523209695951,-3.4330628,-1.1093313,-0.3036
1523209695959,-3.0934217,-1.2205088,0.09590584
1523209695972,-2.7458394,-1.4196508,0.36957347
1523209695995,-2.4165828,-1.681712,0.31520647
1523209696000,-2.207056,-1.6969837,0.18387043
1523209696007,-4.692667,1.9706513,-0.5626069
1523209696010,-6.9424834,3.4116824,-2.4959953
1523209696015,-5.9394426,1.541213,-3.785532
1523209696025,-3.7959166,-0.4092797,-2.7910433
1523209696036,-2.8441887,-0.4343252,-2.0048597
1523209696046,-2.698192,0.37384954,-1.9889772
1523209696057,-2.6810875,1.0195341,-2.1325307
1523209696067,-2.6004534,0.70249504,-2.1972823
1523209696077,-2.5302038,-0.50946164,-2.3261747
1523209696087,-2.1386392,-2.497828,-2.4275784
1523209696096,-1.3072516,-4.2907176,-2.3506095
1523209696108,-0.55833083,-4.446488,-2.053729
1523209696120,0.20280726,-3.540575,-1.5473217
1523209696132,0.7440339,-2.6316075,-1.0897835
1523209696139,1.0769554,-1.9822577,-0.6786713
1523209696148,1.3151928,-1.3408492,-0.2669481
1523209696158,1.536326,-0.5742133,0.053145275
1523209696169,1.8692477,0.5852089,0.22052236
1523209696178,2.3273966,2.4007003,0.25411993
1523209696191,2.9681942,5.551543,0.23579398
1523209696201,3.1325169,8.515462,0.2773328
1523209696213,2.674979,9.429927,0.5571091
1523209696222,1.8796324,7.8117447,1.2822062
1523209696231,0.956615,3.6615262,2.2235496
1523209696241,0.5558874,-1.2968669,3.1978796
1523209696251,0.5919284,-5.9852576,3.7555995
1523209696260,0.42332962,-8.755531,3.9358048
1523209696273,-1.210735,-11.44395,4.1899247
1523209696281,-6.3566637,-7.247916,4.2827764
1523209696290,-8.546616,1.8649716,4.0036106
1523209696302,-3.9938369,6.0457335,3.2724051
1523209696311,1.1166617,5.199685,3.2253685
1523209696321,5.1337113,5.4605246,3.921144
1523209696331,7.212486,6.923547,4.7445903
1523209696343,7.6901827,6.948592,4.836831
1523209696351,7.371922,3.9596286,3.540575
1523209696359,6.696305,-0.4129449,1.8484782
1523209696370,5.1752505,-4.3676863,0.3200934
1523209696379,2.7226264,-5.262604,-0.40317106
1523209696388,0.8393288,-4.0054436,0.16371189
1523209696398,-0.16310102,-0.7305948,1.4306464
1523209696409,-0.24129178,3.2950072,2.488665
1523209696418,0.54183745,5.431203,2.4275784
1523209696429,3.4593298,1.9834795,2.4685066
1523209696440,6.554584,-3.3414328,2.597399
1523209696448,6.9064426,-3.6694674,1.5106697
1523209696458,4.5503354,-0.89675015,-0.040927973
1523209696468,1.9712621,-0.9621128,-0.4709771
1523209696478,0.23457226,-2.2925773,-0.13072516
1523209696494,-0.3115413,-3.2516358,0.5198463
1523209696506,0.59742624,-2.493552,1.1184943
1523209696515,2.2522602,-0.48502702,1.3897184
1523209696528,2.8154778,0.5992588,1.4117095
1523209696535,1.7482964,0.50823987,1.4526376
1523209696545,-0.24190263,-0.057421334,1.564426
1523209696556,-1.7702875,-0.33841935,1.4709635
1523209696566,-1.9572122,-0.26145032,0.9230174
1523209696578,-1.3891076,0.13194689,-0.12095132
1523209696590,-0.81245077,0.37568212,-1.2760975
1523209696598,-0.7892379,0.20280726,-2.3402247
1523209696616,-1.3090842,0.19058995,-3.4177911
1523209696620,-2.1184807,1.0158689,-3.9180896
1523209696625,-2.3585508,1.2925909,-3.7922513
1523209696634,-2.5900686,1.3090842,-3.1887167
1523209696642,-2.8435776,0.90224797,-2.521041
1523209696652,-3.1038063,0.5412266,-1.863139
1523209696666,-3.2076533,0.3915646,-1.2186762
1523209696677,-3.2534683,-0.36285394,-0.70249504
1523209696690,-3.2675183,-1.1820242,-0.2669481
1523209696696,-3.2742376,-2.0427334,0.01282817
1523209696706,-3.2015448,-2.7091873,0.21991149
1523209696715,-5.4898458,-0.084910266,-0.07147124
1523209696725,-8.188648,2.6829202,-1.0940597
1523209696739,-7.5875573,1.890628,-1.7232509
1523209696747,-4.863098,0.28099802,-2.117259
1523209696754,-2.9981265,0.4538729,-2.6578746
1523209696767,-2.4648414,1.4532484,-2.9840767
1523209696775,-2.3597724,2.1997259,-3.032335
1523209696784,-2.158187,2.090381,-3.1093042
1523209696796,-1.7684549,0.88697636,-3.3108897
1523209696805,-1.2846496,-1.146594,-3.4348953
1523209696817,-0.84116143,-2.7091873,-3.2345314
1523209696822,-0.28771752,-3.3261611,-2.7348437
1523209696832,0.3182608,-3.155119,-2.147802
1523209696843,0.8350528,-2.6670377,-1.5717562
1523209696853,1.0665708,-2.2687535,-1.2205088
1523209696866,1.2076806,-1.5778649,-0.9761627
1523209696877,1.4361442,-0.6750061,-0.86437434
1523209696889,1.7782288,0.36835176,-0.8045095
1523209696897,2.189341,1.5460999,-0.75686204
1523209696909,2.5625796,3.1899383,-0.675617
1523209696917,2.6529877,5.1697526,-0.4831944
1523209696928,2.5271494,5.9901447,-0.1282817
1523209696945,2.288912,5.0793447,0.49418998
1523209696958,1.7776178,2.2699752,1.3933836
1523209696964,1.2357804,-1.5259414,2.5082128
1523209696975,0.8454375,-4.329202,3.4104607
1523209696983,0.3830125,-6.361551,3.9913936
1523209696995,-0.8179486,-7.9155917,4.310265
1523209697001,-4.442212,-3.998724,4.10196
1523209697008,-6.710355,5.778785,3.2217033
1523209697014,-4.7702465,9.07929,2.4422393
1523209697024,-0.3567453,3.3713653,2.3793201
1523209697035,3.3243287,-0.3726278,3.545462
1523209697044,5.73969,2.3976462,4.796514
1523209697055,6.3316183,5.656001,4.506353
1523209697067,6.3670483,4.687169,3.1758883
1523209697078,6.1715717,1.6328428,1.9321668
1523209697087,5.4195967,-1.6450601,1.0574077
1523209697098,3.354872,-2.4349089,0.44898596
1523209697108,2.0048597,-1.151481,0.2602286
1523209697118,1.9205604,0.3915646,0.67256266
1523209697128,2.5149322,1.8368717,1.4618006
1523209697137,3.3670893,2.1978931,2.271197
1523209697147,3.930307,1.6584991,3.0231721
1523209697157,3.9565742,-0.39706242,3.1215215
1523209697174,3.4238997,-1.9443841,2.1642957
1523209697185,2.1245892,-2.7586675,0.96761054
1523209697191,0.92485,-3.6089919,0.72021013
1523209697195,0.22296582,-3.7678168,1.0720685
1523209697204,0.22418754,-2.4782803,1.5406022
1523209697215,0.9773844,-0.6267477,1.6151277
1523209697225,1.7354681,0.37201694,1.2962561
1523209697234,1.5332718,0.49296826,0.8698721
1523209697245,0.27183503,-0.20769419,0.66645396
1523209697254,-1.2803736,-0.8943067,0.6469063
1523209697264,-1.8869628,-0.91324353,0.47342056
1523209697274,-1.6713274,-0.5907067,-0.12705997
1523209697284,-1.1972959,-0.23884831,-1.0323622
1523209697294,-1.0500773,-0.02565634,-1.9859229
1523209697304,-1.2534955,0.36163223,-2.8930578
1523209697318,-1.5253305,0.8173377,-3.3793066
1523209697329,-1.7941113,1.1612549,-3.517362
1523209697339,-2.0378466,1.0934488,-3.3414328
1523209697352,-2.3084598,0.47586402,-2.8918362
1523209697359,-2.6725354,-0.46670106,-1.9798143
1523209697371,-2.842356,-0.9627236,-1.2773192
1523209697379,-2.891225,-1.5418239,-0.7470882
1523209697390,-2.892447,-1.9138408,-0.29626966
1523209697399,-2.960253,-2.1135938,-0.015271631
1523209697408,-3.1447344,-2.2864685,0.23518312
1523209697420,-4.4403796,0.13255776,0.5833763
1523209697429,-6.4757824,2.738509,0.48502702
1523209697440,-6.051231,1.3261884,0.015882496
1523209697452,-4.2949934,-0.1826487,-1.0341948
